-- phpMyAdmin SQL Dump
-- version 5.2.1
-- https://www.phpmyadmin.net/
--
-- Máy chủ: 127.0.0.1
-- Thời gian đã tạo: Th3 23, 2024 lúc 05:27 PM
-- Phiên bản máy phục vụ: 10.4.28-MariaDB
-- Phiên bản PHP: 8.0.28

SET SQL_MODE = "NO_AUTO_VALUE_ON_ZERO";
START TRANSACTION;
SET time_zone = "+00:00";


/*!40101 SET @OLD_CHARACTER_SET_CLIENT=@@CHARACTER_SET_CLIENT */;
/*!40101 SET @OLD_CHARACTER_SET_RESULTS=@@CHARACTER_SET_RESULTS */;
/*!40101 SET @OLD_COLLATION_CONNECTION=@@COLLATION_CONNECTION */;
/*!40101 SET NAMES utf8mb4 */;

--
-- Cơ sở dữ liệu: `website`
--

-- --------------------------------------------------------

--
-- Cấu trúc bảng cho bảng `admin`
--

CREATE TABLE `admin` (
  `_id` int(11) NOT NULL,
  `Email` varchar(255) NOT NULL,
  `Password` varchar(255) NOT NULL,
  `Fullname` varchar(255) NOT NULL,
  `Image` varchar(255) NOT NULL,
  `PhoneNumber` varchar(50) NOT NULL
) ENGINE=InnoDB DEFAULT CHARSET=utf8mb4 COLLATE=utf8mb4_unicode_ci;

--
-- Đang đổ dữ liệu cho bảng `admin`
--

INSERT INTO `admin` (`_id`, `Email`, `Password`, `Fullname`, `Image`, `PhoneNumber`) VALUES
(10000000, 'hothiluyen@gmail.com', '$2y$10$NtGgfm827q6fJgzW9rhOuekoGd/usG0cyWHw8gx8tB8kO9weFiJzG', 'Hồ Thị Luyến', 'thiluyen.jpg', '0987623464'),
(10000001, 'Trannhannhan@gmail.com', '$2y$10$NtGgfm827q6fJgzW9rhOuekoGd/usG0cyWHw8gx8tB8kO9weFiJzG', 'Trần Nhàn', 'trannhan.jpg', '0923432434'),
(10000002, 'huelinh123@infor.com', '$2y$10$NtGgfm827q6fJgzW9rhOuekoGd/usG0cyWHw8gx8tB8kO9weFiJzG', 'Nguyễn Huệ Linh', 'huelinh.jpg', '0932453765');

-- --------------------------------------------------------

--
-- Cấu trúc bảng cho bảng `category`
--

CREATE TABLE `category` (
  `_id` int(11) NOT NULL,
  `Name` varchar(255) NOT NULL
) ENGINE=InnoDB DEFAULT CHARSET=utf8mb4 COLLATE=utf8mb4_unicode_ci;

--
-- Đang đổ dữ liệu cho bảng `category`
--

INSERT INTO `category` (`_id`, `Name`) VALUES
(10000000, 'Xã hội'),
(10000001, 'Giải trí'),
(10000002, 'Kinh doanh'),
(10000003, 'Sức khoẻ'),
(10000004, 'Công việc'),
(10000005, 'Thể thao'),
(10000006, 'Công nghệ'),
(10000007, 'Thời trang');

-- --------------------------------------------------------

--
-- Cấu trúc bảng cho bảng `comment`
--

CREATE TABLE `comment` (
  `_id` int(11) NOT NULL,
  `User_id` int(11) NOT NULL,
  `News_id` int(11) NOT NULL,
  `Content` varchar(255) NOT NULL
) ENGINE=InnoDB DEFAULT CHARSET=utf8mb4 COLLATE=utf8mb4_unicode_ci;

--
-- Đang đổ dữ liệu cho bảng `comment`
--

INSERT INTO `comment` (`_id`, `User_id`, `News_id`, `Content`) VALUES
(10000000, 10000002, 10000023, 'Thật sự rất hay, mong chờ về phần tiếp theo!'),
(10000002, 10000000, 10000003, 'Thương quá'),
(10000003, 10000000, 10000006, 'Hữu ích!'),
(10000008, 10000001, 10000006, 'Thấy tăng ghê thật mà không biết vì sao, thì ra là vậy'),
(10000013, 10000001, 10000004, 'Vừa đẹp vừa sáng tạo, đỉnh!!'),
(10000017, 10000002, 10000009, 'Sợ vậy'),
(10000018, 10000001, 10000011, 'Đúng là cái gì tốt quá cũng đi kèm rủi ro lớn');

-- --------------------------------------------------------

--
-- Cấu trúc bảng cho bảng `journalist`
--

CREATE TABLE `journalist` (
  `_id` int(11) NOT NULL,
  `Email` varchar(255) NOT NULL,
  `Password` varchar(255) NOT NULL,
  `Fullname` varchar(255) NOT NULL,
  `Image` varchar(255) NOT NULL,
  `PhoneNumber` varchar(50) NOT NULL
) ENGINE=InnoDB DEFAULT CHARSET=utf8mb4 COLLATE=utf8mb4_unicode_ci;

--
-- Đang đổ dữ liệu cho bảng `journalist`
--

INSERT INTO `journalist` (`_id`, `Email`, `Password`, `Fullname`, `Image`, `PhoneNumber`) VALUES
(10000000, 'vanhoapl1st@gmail.com', '$2y$10$.aOYUYRM2BCaOAl1TABn4.FhWNYj9FeE4H4Pi3Rgx6NbFlehZxtny', 'Nguyễn Văn Hoá', 'vanhoa.jpg', '0934826435'),
(10000001, 'ducminhhhhhhh@infor.com', '$2y$10$.aOYUYRM2BCaOAl1TABn4.FhWNYj9FeE4H4Pi3Rgx6NbFlehZxtny', 'Trần Đức Minh', 'ducminh.jpg', '0942857443'),
(10000002, 'ttquynh1102@gmail.com', '$2y$10$.aOYUYRM2BCaOAl1TABn4.FhWNYj9FeE4H4Pi3Rgx6NbFlehZxtny', 'Trần Thị Quỳnh', 'thiquynh.jpg', '0843613243');

-- --------------------------------------------------------

--
-- Cấu trúc bảng cho bảng `news`
--

CREATE TABLE `news` (
  `_id` int(11) NOT NULL,
  `Category_id` int(11) NOT NULL,
  `Journalist_id` int(11) NOT NULL,
  `Admin_id` int(11) NOT NULL,
  `Status_id` int(11) NOT NULL
) ENGINE=InnoDB DEFAULT CHARSET=utf8mb4 COLLATE=utf8mb4_unicode_ci;

--
-- Đang đổ dữ liệu cho bảng `news`
--

INSERT INTO `news` (`_id`, `Category_id`, `Journalist_id`, `Admin_id`, `Status_id`) VALUES
(10000000, 10000002, 10000001, 10000002, 10000001),
(10000001, 10000004, 10000000, 10000001, 10000001),
(10000002, 10000006, 10000002, 10000001, 10000001),
(10000003, 10000000, 10000000, 10000001, 10000001),
(10000004, 10000007, 10000002, 10000002, 10000001),
(10000005, 10000001, 10000000, 10000000, 10000001),
(10000006, 10000002, 10000001, 10000002, 10000001),
(10000007, 10000006, 10000000, 10000001, 10000001),
(10000008, 10000004, 10000001, 10000002, 10000001),
(10000009, 10000006, 10000002, 10000000, 10000001),
(10000010, 10000000, 10000002, 10000002, 10000001),
(10000011, 10000006, 10000000, 10000002, 10000001),
(10000012, 10000004, 10000002, 10000001, 10000001),
(10000013, 10000007, 10000001, 10000001, 10000001),
(10000014, 10000000, 10000001, 10000002, 10000001),
(10000015, 10000004, 10000002, 10000002, 10000001),
(10000016, 10000005, 10000000, 10000001, 10000001),
(10000017, 10000002, 10000001, 10000000, 10000001),
(10000018, 10000006, 10000002, 10000001, 10000001),
(10000019, 10000005, 10000002, 10000000, 10000001),
(10000020, 10000007, 10000001, 10000000, 10000001),
(10000021, 10000000, 10000001, 10000001, 10000001),
(10000022, 10000004, 10000002, 10000002, 10000001),
(10000023, 10000006, 10000001, 10000000, 10000001),
(10000024, 10000000, 10000000, 10000000, 10000001),
(10000025, 10000002, 10000000, 10000002, 10000001),
(10000026, 10000005, 10000002, 10000002, 10000001),
(10000027, 10000003, 10000002, 10000001, 10000001),
(10000028, 10000003, 10000001, 10000002, 10000001),
(10000029, 10000001, 10000001, 10000001, 10000001),
(10000030, 10000003, 10000000, 10000002, 10000001),
(10000031, 10000000, 10000002, 10000001, 10000001);

-- --------------------------------------------------------

--
-- Cấu trúc bảng cho bảng `newsdetails`
--

CREATE TABLE `newsdetails` (
  `_id` int(11) NOT NULL,
  `News_id` int(11) NOT NULL,
  `Title` varchar(255) NOT NULL,
  `Content` varchar(10000) NOT NULL,
  `Image` varchar(255) NOT NULL,
  `created_at` date NOT NULL,
  `Views` int(255) NOT NULL,
  `Reply` varchar(255) NOT NULL
) ENGINE=InnoDB DEFAULT CHARSET=utf8mb4 COLLATE=utf8mb4_unicode_ci;

--
-- Đang đổ dữ liệu cho bảng `newsdetails`
--

INSERT INTO `newsdetails` (`_id`, `News_id`, `Title`, `Content`, `Image`, `created_at`, `Views`, `Reply`) VALUES
(10000000, 10000000, 'Người đàn ông ở Phố cổ Hà Nội vứt 1,17 tỷ đồng vào thùng rác', 'Ngày 1/3, Công an quận Hoàn Kiếm (Hà Nội) cho biết Công an phường Hàng Bài vừa giúp chủ nhân số tiền 1,17 tỷ đồng tìm lại tài sản đánh mất.\r\n\r\nTheo cơ quan chức năng, tối 28/2, Công an phường Hàng Bài nhận được tin báo của ông Đ.H. (ở phường Hàng Bài) nhờ giúp đỡ tìm lại số tiền 1 tỷ 170 triệu đồng.\r\n\r\nTheo trình báo, cùng ngày, gia đình ông H. rút số tiền trên từ ngân hàng và để trong một chiếc túi cũ. Do sơ ý, ông H. khi đi vứt rác đã mang theo túi tiền trên bỏ vào thùng rác ở gần nhà.\r\n\r\nNhận được tin báo, Công an phường Hàng Bài đã liên hệ với nhân viên thu gom rác thuộc chi nhánh quận Hoàn Kiếm, phân công cán bộ cùng thành viên trong gia đình tới bãi thu gom rác Nam Sơn, huyện Sóc Sơn (Hà Nội) để rà soát, tìm kiếm ngay trong đêm.\r\n\r\nĐồng thời, các cán bộ Công an phường phối hợp cùng tổ dân phố, người dân sinh sống quanh khu vực và gia đình rà soát toàn bộ các camera an ninh, xe rác, thùng rác được thu gom trên toàn địa bàn phường Hàng Bài.\r\n\r\nSau chỉ hơn 2 giờ đồng hồ, số tiền trên đã được tìm thấy trong một thùng rác được nhân viên vệ sinh thu gom, tập kết về bãi trước cửa nhà số 48 Hàng Bài.\r\n\r\nĐại diện nhân viên Công ty môi trường đô thị đã mang toàn bộ số tiền trên tới trụ sở Công an phường Hàng Bài để trao trả lại cho gia đình ông H.\r\n\r\nNhận lại số tiền, gia đình ông H. xúc động trước sự tận tụy, không quản ngại đêm hôm mưa rét của cán bộ chiến sĩ Công an phường Hàng Bài, cũng như nhân viên Công ty môi trường đô thị, bà con trong tổ dân phố…\r\n\r\nÔng H. đã viết thư cảm ơn, gửi tới Ban Giám đốc Công an TP Hà Nội.', 'vut.jpg', '2024-01-24', 1012, ''),
(10000001, 10000001, 'Khi lương 15 triệu không được hưởng BHTN, nhận trợ cấp lúc lương 5 triệu', 'Từ năm 2019 đến năm 2022, anh Nam làm cho công ty A, đóng bảo hiểm xã hội (BHXH) liên tục từ tháng 10/2019 cho đến tháng 2/2022 (tổng cộng 28 tháng) với mức lương 6 tháng cuối trước khi nghỉ việc là 15 triệu đồng/tháng.\r\n\r\nSau khi nghỉ việc ở công ty A, Nam không kịp đăng ký nhận trợ cấp thất nghiệp và không tiếp tục tham gia BHXH.\r\n\r\nĐến cuối năm 2022, anh tìm được công việc khác làm, đóng BHXH tại công ty B từ tháng 1/2023 đến nay với mức lương là 5 triệu đồng/tháng.\r\n\r\nAnh Nam thắc mắc: \"Bây giờ em nghỉ việc thì mức hưởng trợ cấp thất nghiệp của em là bao nhiêu?\".\r\n\r\nTheo BHXH Việt Nam, mức hưởng trợ cấp thất nghiệp được quy định tại Khoản 1 Điều 50 Luật Việc làm.\r\n\r\nCụ thể, mức hưởng trợ cấp thất nghiệp hằng tháng bằng 60% mức bình quân tiền lương tháng đóng bảo hiểm thất nghiệp của 6 tháng liền kề trước khi thất nghiệp.\r\n\r\nMức hưởng trợ cấp thất nghiệp hằng tháng tối đa không quá 5 lần mức lương cơ sở đối với người lao động thuộc đối tượng thực hiện chế độ tiền lương do Nhà nước quy định.\r\n\r\nĐối với người lao động đóng bảo hiểm thất nghiệp theo chế độ tiền lương do người sử dụng lao động quyết định, mức hưởng trợ cấp thất nghiệp hằng tháng tối đa không quá 5 lần mức lương tối thiểu vùng tại thời điểm chấm dứt hợp đồng lao động hoặc hợp đồng làm việc.\r\n\r\nNhư vậy, nếu anh Nam nghỉ việc thì được hưởng trợ cấp thất nghiệp với mức hưởng bằng 60% mức bình quân tiền lương tháng đóng bảo hiểm thất nghiệp của 6 tháng liền kề trước khi thất nghiệp, tức là thời gian anh Nam làm việc tại công ty B với mức lương đóng BHXH là 5 triệu đồng/tháng.\r\n\r\nThời gian làm việc và đóng BHXH tại công ty A (28 tháng) chỉ được dùng để tính thời gian anh Nam được hưởng trợ cấp thất nghiệp.\r\n\r\nTheo BHXH Việt Nam, thời gian hưởng trợ cấp thất nghiệp được quy định tại Khoản 2 Điều 50 Luật Việc làm.\r\n\r\nCụ thể, thời gian hưởng trợ cấp được tính theo số tháng đóng bảo hiểm thất nghiệp. Người lao động đóng đủ 12 tháng đến đủ 36 tháng thì được hưởng 3 tháng trợ cấp thất nghiệp. Sau đó, cứ đóng đủ thêm 12 tháng thì được hưởng thêm 1 tháng trợ cấp thất nghiệp nhưng tối đa không quá 12 tháng.', '5trieu.jpg', '2024-01-23', 3001, ''),
(10000002, 10000002, 'Người dùng hoang mang cảnh báo Facebook bị lỗi, Zalo gặp hiện tượng \'quá tải\'', 'Khoảng 22 giờ 15 tối 5.3, các nền tảng mạng xã hội nhiều người dùng nhất hiện nay trực thuộc Meta là Facebook, Instagram và Threads đã gặp lỗi, nhiều người dùng thông qua các nền tảng khác đều thông báo cho nhau về tình trạng không truy cập được.\r\n\r\nTrên trang cảnh báo các dịch vụ gặp vấn đề nổi tiếng là Downdetector.com, cảnh báo về việc dịch vụ Facebook đang gặp lỗi truy cập đã tăng mạnh kể từ thời điểm 22 giờ tối nay. Đặc điểm chung của những cảnh báo này là người dùng đang truy cập thì bị thoát ra màn hình đăng nhập, khi nhập lại thông tin thì hiện cảnh báo sai mật khẩu.\r\n\r\nT.N (quận 10, TP.HCM) cho biết 2 tài khoản Facebook của anh đều gặp hiện tượng này, tuy vậy một tài khoản khi đăng nhập và nhập mã xác minh 2 bước đã truy cập được vào từ smartphone, tuy vậy màn hình không tải nội dung, anh cũng không thể đăng bất cứ thông tin nào trên nền tảng này.\r\n\r\nH.T (quận Tân Bình, TP.HCM) cho biết mình cũng không truy cập được Facebook và Instagram nên đã hỏi thăm qua Zalo và cũng được thông báo tương tự. Chị đã thử tìm hiểu bằng cách nhập tìm kiếm và nhận ra vấn đề này là đến từ Meta.\r\n\r\nNhiều người dùng tại Việt Nam cũng thông qua các nền tảng khác ngoài Meta là Telegram, Zalo, X (Twitter)... để đưa ra các cảnh báo tương tự đến với cộng đồng bạn bè, người thân. Một số người dùng Việt ở nước ngoài cũng thông báo tương tự.\r\n\r\nMạng xã hội Threads mới được Meta ra mắt gần đây cũng hoàn toàn ngừng hoạt động. Khi mở ứng dụng, người dùng đều nhận thông báo \"Xin lỗi, đã xảy ra lỗi. Hãy thử lại\". Tuy vậy nền tảng WhatsApp vẫn đang hoạt động.\r\n\r\nMột số người dùng cũng cho biết hiện Zalo cũng gặp hiện tượng chậm gửi thông báo có tin nhắn mới, điều này dẫn đến nghi ngờ do lượng người không truy cập được Facebook nên đã chuyển sang nền tảng OTT này với số lượng lớn đột biến nên gây ra tình trạng \'nghẽn\' cục bộ.', 'fbsap.jpg', '2024-03-06', 7537, ''),
(10000003, 10000003, 'Ngư dân trôi dạt trên biển suốt 28 giờ trong thời tiết lạnh giá', 'Lúc 7h ngày 4/3, trong khi đang làm việc trên vùng biển quần đảo Hoàng Sa, ngư dân Hoàng Minh Nhơn (SN 1998, ở huyện Thăng Bình, Quảng Nam), đi trên tàu đánh cá số hiệu QNa 94916 TS bị lật thúng, rơi xuống biển và mất tích.\r\n\r\nTàu QNa 94916 TS cùng các tàu thuộc tổ đội đã nỗ lực tìm kiếm ngư dân mất tích.\r\n\r\nĐến 11h ngày 5/3, lực lượng tìm kiếm tìm thấy ngư dân Hoàng Minh Nhơn và đưa lên tàu chăm sóc, sức khỏe Hoàng Minh Nhơn suy yếu sau 28 giờ đồng hồ trôi dạt trên biển trong thời tiết lạnh giá.\r\n\r\nTuy nhiên đến 7h30 ngày 6/3, dù được các thuyền viên khác nỗ lực chăm sóc, tình trạng của ngư dân Hoàng Minh Nhơn tiếp tục bị suy yếu nghiêm trọng kèm các triệu chứng khó thở, đau ngực và bất tỉnh sau đó.\r\n\r\nNhận thấy tình hình nguy cấp đến tính mạng của thuyền viên tàu mình, thuyền trưởng Trần Đình Lên của tàu QNa 94916 TS liên lạc với Trung tâm phối hợp tìm kiếm, cứu nạn hàng hải Việt Nam thông báo tình hình khẩn và yêu cầu Trung tâm có biện pháp hỗ trợ.\r\n\r\nVị trí tàu QNa 94916 TS lúc này ở tại 14⁰28\'N - 113⁰45\'E, cách đảo Bom Bay khoảng 117 hải lý về hướng Đông Nam.\r\n\r\nNgay sau khi tiếp nhận thông tin từ tàu QNa 94916 TS, Trung tâm đã hướng dẫn hải trình ngắn nhất để tàu hướng về bờ, đồng thời phối hợp thông tin với Trung tâm cấp cứu thành phố Đà Nẵng để tư vấn y tế từ xa cho tàu và hướng dẫn tàu sơ cứu cho nạn nhân.\r\n\r\nTheo chẩn đoán từ các y bác sĩ, ngư dân Hoàng Minh Nhơn đang bị suy hô hấp nghiêm trọng, mất thân nhiệt, thân thể có nhiều dấu vết của chấn thương do va đập, nghi nội chấn thương.\r\n\r\nTình trạng nạn nhân hết sức nguy kịch do đã mất tri giác, hôn mê, không ăn uống được, có thể dẫn đến tử vong nếu không được tiếp cận y tế chuyên khoa kịp thời.\r\n\r\nTrước tình hình cấp bách của nạn nhân, nhưng tàu QNa 94916 TS đang ở quá xa đất liền. Với tinh thần cứu sống ngư dân được đặt lên hàng đầu, lúc 12h40 ngày 6/3, tàu SAR 412 của Trung tâm phối hợp tìm kiếm, cứu nạn hàng hải Việt Nam khẩn trương triển khai đến hiện trường, thực hiện nhiệm vụ cứu hộ, cứu nạn ngư dân.\r\n\r\nĐi cùng tàu SAR 412 có ekip gồm 2 bác sĩ cùng các trang thiết bị của Trung tâm cấp cứu thành phố Đà Nẵng.\r\n\r\nKhoảng 1h20 ngày 7/3, lực lượng cứu nạn hàng hải cùng đội ngũ y bác sĩ tiếp cận tàu QNa 94916 TS và nhanh chóng triển khai thực hiện ca cấp cứu tại chỗ.\r\n\r\nTình trạng nạn nhân lúc này hết sức nguy kịch do bị đa chấn thương, suy hô hấp, kiệt sức, không phản ứng với các biện pháp kiểm tra lâm sàng.\r\n\r\nSau khi trải qua ca cấp cứu, nạn nhân tiếp tục được chuyển lên tàu SAR 412 để được chăm sóc y tế đặc biệt và khẩn trương đưa về bờ.\r\n\r\nKhoảng 13h50 ngày 7/3, ngư dân Hoàng Minh Nhơn đã được đưa về bờ an toàn và bàn giao cho Trung tâm cấp cứu thành phố Đà Nẵng tiếp tục chuyển nạn nhân vào bệnh viện địa phương để điều trị.\r\n\r\n\r\n\r\n\r\n\r\n', 'ngudan.jpg', '2024-03-04', 1207, ''),
(10000004, 10000004, 'Miss Universe gây sốt với thiết kế làm từ vỏ kẹo', 'Sau khi kết thúc nhiệm kỳ, Miss Universe R\'Bonney Gabriel bắt đầu với sự nghiệp trở thành nhà thiết kế thời trang. Mới đây nhất, người đẹp gây sốt với cộng đồng mạng khi khoe mẫu trang phục vô cùng độc đáo được làm từ vỏ kẹo sô cô la.\r\n\r\nTận dụng những chiếc vỏ kẹo bỏ đi, người đẹp bọc tròn tạo thành từng miếng tròn để lại cách điệu cho chiếc áo bra bên trong.\r\n\r\nSự sáng tạo được người đẹp thêm thắt các chi tiết dây xích để tạo nên hiệu ứng bắt mắt cho chiếc áo.\r\n\r\nNhiều khán giả phải trầm trồ bởi sự sáng tạo của người đẹp qua thiết kế bắt mắt. Điểm nhấn cho diện mạo lần còn phải kể đến lớp trang điểm. Màu môi đậm cùng kiểu tóc buộc thấp phía sau giúp chân dài thêm sành điệu.\r\n\r\nTừ phụ kiện gồm bông tai, túi xách, mỹ nhân tận dụng cả chiếc hộp kẹo để lên đồ thật ấn tượng.\r\n\r\nChia sẻ đoạn video cùng khán giả, R\'Bonney Gabriel đã vô cùng tỉ mỉ và chăm chút cho từng công đoạn. Mọi chi tiết được thêm thắt đều tự tay nàng hậu lên ý tưởng và thực hiện.\r\n\r\nĐược biết, người đẹp sinh năm 1994, cao 1,7 m, là người Mỹ gốc Philippines. Hiện tại, người đẹp vẫn tham gia các show trình diễn thời trang trong vai trò người mẫu cũng như là một nhà thiết kế tài năng.', 'nguoimauvokeo.jpg', '2024-01-01', 2215, ''),
(10000005, 10000005, 'Nữ thần thanh xuân thế hệ mới hút 70 triệu lượt xem nhờ một bức ảnh', 'Nữ thần thanh xuân thế hệ mới hút 70 triệu lượt xem nhờ một bức ảnh\', \'Sở hữu ngoại hình đậm chất tiểu thư nhưng ít ai biết, Chương Nhược Nam sinh ra và lớn lên trong một gia đình nghèo. Nhà cô ở một vùng quê nhỏ của Chiết Giang (Trung Quốc) và có 4 chị em gái. Gia đình luôn hy vọng cô có thể chăm sóc và lo cho các em ăn học.\\r\\n\\r\\nTrong một chương trình truyền hình, Nhược Nam kể rằng, cô dồn toàn bộ số tiền kiếm được để giúp đỡ gia đình nên sau nhiều năm hoạt động nghệ thuật, cô vẫn chưa có đủ tiền mua một căn nhà cho riêng mình.\\r\\n\\r\\n\\\"Lúc nhỏ, tên của tôi là \\\"Nam\\\" bởi vì người lớn trong nhà rất thích con trai. Nhất là bà nội, bà rất thích bế cháu trai, kết quả lại là sinh ra tôi\\\", cô tâm sự.\\r\\n\\r\\nChương Nhược Nam thổ lộ, bản thân rất may mắn và rất khát khao trở thành một diễn viên. Đây không chỉ là đam mê của cô mà còn giúp cô không chịu áp lực phải kết hôn sớm theo yêu cầu của gia đình.\\r\\n\\r\\nTrước khi bén duyên với điện ảnh, Chương Nhược Nam là một người mẫu ảnh. Năm 2018, cô chính thức xuất hiện với vai trò diễn viên trong bộ phim điện ảnh thanh xuân vườn trường Bi thương ngược dòng thành sông (Cry me a sad river) của đạo diễn Lạc Lạc. \\r\\n\\r\\nVới ngoại hình xinh đẹp, ngọt ngào, mỹ nhân sinh năm 1996 nhanh chóng chiếm được cảm tình của người hâm mộ. Cô được khán giả và truyền thông Hoa ngữ gọi là \\\"nữ thần thanh xuân\\\", \\\"tình đầu quốc dân\\\", \\\"nàng thơ mới\\\", \\\"thần tiên tỷ tỷ\\\" thế hệ mới ở Trung Quốc.\\r\\n\\r\\nCác bộ phim gắn liền với tên tuổi của Chương Nhược Nam gồm Nếu thanh âm không ghi nhớ (The end of endless love), Ai cũng khao khát gặp được em (Everyone wants to meet you), Sư gia xin tự trọng (2020), Hôn lễ của em (My love)… \\r\\n\\r\\nNăm 2023, bộ phim Soi sáng cho em (A date with the future) do Chương Nhược Nam và Trần Vỹ Đình đóng chính được phát sóng và giúp mỹ nhân sinh năm 1996 chính thức nổi tiếng khắp châu Á.\\r\\n\\r\\nSau Soi sáng cho em, Chương Nhược Nam được nhiều đạo diễn ưu ái. Vì vậy, cô được chọn vào vai chính trong dự án Khó dỗ dành, một dự án truyền hình được chuyển thể từ tiểu thuyết mạng ăn khách.\\r\\n\\r\\nKhó dỗ dành kể về chuyện tình của cô nàng phóng viên xinh đẹp Ôn Dĩ Phàm và chàng chủ quán bar Tang Diên, anh trai của nhân vật Tang Trĩ. Tang Diên và Ôn Dĩ Phàm vốn cảm mến nhau từ cấp ba nhưng vì biến cố phải xa cách. Sau nhiều năm xa cách, duyên phận đưa đẩy họ gặp lại nhau, thuê chung nhà và nối lại tình xưa.\\r\\n\\r\\nVì là tác phẩm nối tiếp của Vụng trộm không thể giấu nên Khó dỗ dành dễ dàng tạo sức hút với khán giả. Mới đây, trang Sohu đưa tin đoàn phim Khó dỗ dành đã công bố các diễn viên trong phim. Theo đó, nam diễn viên Bạch Kính Đình vào vai \\\"trai hư\\\" Tang Diên và \\\"nữ thần thanh xuân\\\" Chương Nhược Nam đảm nhận vai nữ chính Ôn Dĩ Phàm.\\r\\n\\r\\nSau khi tạo hình được tung ra, từ khóa \\\"Chương Nhược Nam trong vai Ôn Dĩ Phàm\\\" được tìm kiếm nhiều trên mạng xã hội Weibo. Chỉ sau 2 giờ, tạo hình của Chương Nhược Nam trong phim đã mang về 70 triệu lượt xem cùng hàng nghìn bình luận của cộng đồng mạng.\\r\\n\\r\\nMỹ nhân sinh năm 1996 cũng nhận được những bình luận trái chiều. Nhiều ý kiến cho rằng, vẻ đẹp trong trẻo của Chương Nhược Nam phù hợp với hình tượng Ôn Dĩ Phàm trong tiểu thuyết.\\r\\n\\r\\nTrong khi đó, có ý kiến cho rằng, trang phục của Chương Nhược Nam có phần lạc mốt, không hiện đại. Dù sở hữu gương mặt xinh đẹp nhưng mỹ nhân họ Chương bị nhận xét không giống tạo hình của nhân vật trong tiểu thuyết. Theo mô tả của tác giả bộ truyện, Dĩ Phàm là một cô gái quyến rũ nhưng Chương Nhược Nam lại có nét đẹp hiền lành so với nhân vật.\\r\\n\\r\\nVề phần nam chính Tang Diên do Bạch Kính Đình thể hiện, khán giả cũng có chút lo lắng. Mỹ nam họ Bạch vốn quen thuộc với hình ảnh ngoan ngoãn, lần đầu vào vai một \\\"trai hư\\\", anh cũng gây tò mò. Ngoài ra, một số ý kiến cho rằng, vóc dáng và khí chất của Bạch Kính Đình được cho là khó phù hợp với tạo hình lạnh lùng, cao ngạo của nhân vật Tang Diên.\\r\\n\\r\\nTừ nền tảng Weibo, nhiều cư dân mạng Trung Quốc nhận định, điểm trừ lớn nhất của bộ phim hiện tại là trang phục có phần không hiện đại của các diễn viên. Khó dỗ dành hứa hẹn là tác phẩm thu hút khi chính thức ra mắt trong thời gian tới.', 'nuthan.jpg', '2023-12-13', 6404, ''),
(10000006, 10000006, 'Lý do khiến cho giá xăng tăng 4 lần liền và đều tăng mạnh', 'Tại kỳ điều hành ngày 25/1, liên Bộ Tài chính, Bộ Công Thương quyết định tăng 740 đồng/lít đối với xăng E5 RON 92, lên 22.910 đồng/lít; tăng 760 đồng/lít đối với xăng RON 95, lên 24.160 đồng/lít.\r\n\r\nĐáng chú ý, đây là lần tăng giá thứ tư liên tiếp của mặt hàng xăng. Trước đó 4 tuần, giá xăng E5 RON 92 mới chỉ ở mức 21.000 đồng/lít, xăng RON 92 ở mức 21.910 đồng/lít.\r\n\r\nLý giải về nguyên nhân tăng giá xăng, cơ quan quản lý cho biết thị trường xăng dầu thế giới kỳ điều hành lần này (từ ngày 11/1 đến ngày 18/1) chịu ảnh hưởng của nhiều yếu tố.\r\n\r\nCụ thể, căng thẳng ở Trung Đông tiếp tục leo thang; nguồn cung xăng dầu tại Mỹ thắt chặt trong bối cảnh thời tiết lạnh giá gây gián đoạn cho hoạt động sản xuất, đã thúc đẩy lực mua trên thị trường; kỳ vọng vào sự tăng trưởng tích cực của nền kinh tế Trung Quốc thúc đẩy nhu cầu tiêu thụ dầu…\r\n\r\n\"Các yếu tố nêu trên khiến giá xăng dầu thế giới trong những ngày vừa qua có biến động tăng, giảm đan xen nhưng xu hướng chung là tăng\", liên Bộ Tài chính, Công Thương đánh giá.\r\n\r\nBình quân giá thành phẩm xăng dầu thế giới giữa kỳ điều hành là 92,9 USD/thùng xăng RON 92 dùng để pha chế xăng E5 RON 92 (tăng 4,1 USD/thùng, tương đương tăng 4,6% so với kỳ trước); 98,4 USD/thùng xăng RON 95 (tăng 4,6 USD/thùng, tương đương tăng 4,9% so với kỳ trước).\r\n\r\nTại kỳ điều hành này, liên bộ không trích lập, đồng thời không chi quỹ bình ổn đối với tất cả mặt hàng xăng.\r\n\r\nLiên Bộ Tài chính, Bộ Công Thương cho rằng phương án điều hành giá xăng dầu trên nhằm góp phần bảo đảm biến động giá xăng dầu trong nước cơ bản phù hợp với biến động giá xăng dầu thế giới; tiếp tục duy trì mức chênh lệch giá hợp lý giữa xăng sinh học E5 RON 92 và xăng khoáng RON 95.\r\n\r\nNgoài ra, phương án trên bảo đảm hài hòa lợi ích giữa các chủ thể tham gia thị trường; hạn chế tối đa tác động tiêu cực đến phát triển kinh tế xã hội, hoạt động sản xuất, kinh doanh và đời sống của người dân.', 'xang.jpg', '2023-10-10', 9430, ''),
(10000007, 10000007, 'Apple mở trung tâm phát triển đầu tiên ở Đông Nam Á', 'Theo GadgetMatch, Apple không chỉ nổi tiếng với những chiếc iPhone sang trọng, mà còn tích cực tạo ra các sáng kiến nhằm khuyến khích sự sáng tạo trong lĩnh vực phát triển ứng dụng. Vừa qua, Apple Singapore đã có một tin vui dành riêng cho các nhà phát triển tại khu vực Đông Nam Á. Khi Apple lần đầu tiên ra mắt chính thức Trung tâm Phát triển (Developer Center) dành riêng cho khu vực này tại Singapore.\r\n\r\nTheo Apple, khu vực Đông Nam Á là thị trường nhộn nhịp của hơn 90.000 ứng dụng trên App Store và hàng trăm nghìn nhà phát triển. Do đó, việc mở một trung tâm mới sẽ đáp ứng nhu cầu của một thị trường rộng lớn. Trung tâm mới này sẽ gia nhập cùng các trung tâm khác ở Bengaluru (Ấn Độ), Thượng Hải (Trung Quốc) và Cupertino (Mỹ).\r\n\r\nGiống như các trung tâm khác, Developer Center mới tại Singapore sẽ cung cấp các buổi học trực tiếp, phòng thí nghiệm, hội thảo và tư vấn. Trung tâm sẽ phục vụ các nhóm nhà phát triển với mọi quy mô và giai đoạn phát triển ứng dụng. Bên cạnh đó, trung tâm còn tạo cơ hội cho các nhà phát triển kết nối với những người có cùng chí hướng trong ngành.\r\n\r\nTuy nhiên, nếu không thể đến Singapore, Apple vẫn cung cấp nhiều chương trình đào tạo trực tuyến miễn phí. Năm ngoái, công ty cũng ra mắt chương trình \"Meet with Apple Experts\" - một chuỗi hội thảo nhằm hỗ trợ các nhà phát triển từ khắp nơi trên thế giới.\r\n\r\nDù là ở phương thức nào, Apple hiện tích cực giúp các nhà phát triển đưa sản phẩm của họ ra thị trường.', 'apple.jpg', '2024-03-07', 3529, ''),
(10000008, 10000008, 'Công chức, viên chức, người lao động sẽ được tăng lương trong năm mới (2024)', 'Cải cách tiền lương trong khu vực công\r\n\r\nTheo Nghị quyết về dự toán ngân sách nhà nước năm 2024, từ 1/7, thực hiện cải cách tổng thể chính sách tiền lương theo Nghị quyết 27-NQ/TW năm 2018 về cải cách chính sách tiền lương đối với cán bộ, công chức, viên chức, lực lượng vũ trang và người lao động trong doanh nghiệp.\r\n\r\nĐây là những chính sách nổi bật, quan trọng năm 2024 khi cải cách tiền lương trong khu vực công đã \"lỡ hẹn\" trong nhiều năm qua do ảnh hưởng của dịch Covid-19.\r\n\r\nHiện nay, lương của công chức vẫn được tính theo công thức: Lương = Hệ số lương x mức lương cơ sở. Theo đó, mức lương cơ sở đang là 1,8 triệu đồng/tháng. Công chức loại A (ngạch chuyên viên cao cấp hoặc tương đương), có mức lương cao nhất 14,4 triệu đồng/tháng. Công chức loại C (ngạch chuyên viên hoặc tương đương) có mức lương thấp nhất 2,4 triệu đồng.\r\n\r\nĐến nay, Việt Nam đã trải qua 4 lần cải cách tiền lương. Qua những lần cải cách, tiền lương của cán bộ, công chức, viên chức và lực lượng vũ trang đã từng bước được cải thiện. \r\n\r\nKhi thực hiện cải cách tiền lương theo Nghị quyết 27-NQ/TW, sẽ thiết kế cơ cấu tiền lương mới gồm: lương cơ bản và các khoản phụ cấp, trong đó: Lương cơ bản (chiếm khoảng 70% tổng quỹ lương); các khoản phụ cấp (chiếm khoảng 30% tổng quỹ lương). Bên cạnh đó, bổ sung tiền thưởng (quỹ tiền thưởng bằng khoảng 10% tổng quỹ tiền lương của năm, không bao gồm phụ cấp).\r\n\r\nThay vì có 7 bảng lương, hơn 10 phụ cấp như hiện nay, sau khi cải cách tiền lương sẽ có 5 bảng lương mới và 9 phụ cấp.\r\n\r\nCụ thể, sẽ có bảng lương chức vụ áp dụng đối với cán bộ, công chức, viên chức giữ chức vụ lãnh đạo (bầu cử và bổ nhiệm) trong hệ thống chính trị từ Trung ương đến cấp xã;\r\n\r\nBảng lương chuyên môn, nghiệp vụ theo ngạch công chức và chức danh nghề nghiệp viên chức áp dụng chung đối với công chức, viên chức không giữ chức danh lãnh đạo;\r\n\r\nBảng lương sĩ quan quân đội, sĩ quan, hạ sĩ quan nghiệp vụ công an (theo chức vụ, chức danh và cấp bậc quân hàm hoặc cấp hàm);\r\n\r\nBảng lương quân nhân chuyên nghiệp, chuyên môn kỹ thuật công an;\r\n\r\nBảng lương công nhân quốc phòng, công nhân công an.\r\n\r\nSẽ tăng lương tối thiểu vùng\r\n\r\nVừa qua, Hội đồng Tiền lương quốc gia đã đồng thuận, chốt đề xuất tăng lương tối thiểu vùng từ 1/7/2024 ở mức 6% để trình Chính phủ xem xét quyết định.\r\n\r\nNếu đề xuất được duyệt, lương tối thiểu vùng I tăng từ 4,68 triệu đồng/tháng lên 4,96 triệu đồng/tháng (tăng thêm 280.000 đồng); Vùng II tăng từ 4,16 triệu đồng/tháng lên 4,41 triệu đồng/tháng (tăng 250.000 đồng); Vùng III tăng từ 3,64 triệu đồng/tháng lên 3,86 triệu đồng/tháng (tăng 220.000 đồng); Vùng IV tăng từ 3,25 triệu đồng/tháng lên 3,45 triệu đồng/tháng (tăng 200.000 đồng).\r\n\r\nVới lương tối thiểu vùng theo giờ, Hội đồng tiền lương quốc gia cũng thống nhất phương án tăng thêm 6% từ ngày 1/7/2024.\r\n\r\nCụ thể, vùng I tăng từ 22.500 đồng/giờ lên 23.800 đồng/giờ; Vùng II tăng từ 20.000 đồng/giờ lên 21.000 đồng/giờ; Vùng III tăng từ 17.500 đồng/giờ lên 18.600 đồng/giờ; Vùng IV tăng từ 15.600 đồng/giờ lên 16.600 đồng/giờ.\r\n\r\nNếu được thông qua, lương tối thiểu vùng sẽ điều chỉnh cùng thời điểm cải cách tiền lương trong khu vực công từ 1/7/2024.\r\n\r\nBáo cáo của Bộ Lao động - Thương binh và Xã hội dựa trên số liệu tổng hợp của hơn 47.300 doanh nghiệp, tương ứng với 4,79 triệu lao động (chiếm 17,36% tổng số lao động làm công hưởng lương trên cả nước) về tình hình tiền lương năm 2023 cho thấy mức lương của người lao động có tăng lên.\r\n\r\nTheo đó, năm 2023, mức lương bình quân ước đạt 8,49 triệu đồng/tháng, tăng 3% so với năm 2022 (8,25 triệu đồng/tháng). Mức lương cao nhất năm 2023 là 834 triệu đồng/tháng thuộc về vị trí quản lý cấp cao tại doanh nghiệp FDI ở Đồng Nai.\r\n\r\nThu nhập của người lao động tăng lên trong năm 2023 cũng được phản ánh qua số liệu thống kê từ báo cáo kinh tế - xã hội năm 2023 vừa được Tổng cục Thống kê công bố mới đây.\r\n\r\nTheo Tổng cục Thống kê, tính chung năm 2023, thu nhập bình quân của lao động là 7,1 triệu đồng/tháng, tăng 6,9%, tương ứng tăng 459.000 đồng so với năm trước.\r\n\r\nTrong đó, thu nhập bình quân của lao động nam là 8,1 triệu đồng/tháng, lao động nữ là 6,0 triệu đồng; thu nhập bình quân của lao động ở khu vực thành thị là 8,7 triệu đồng/tháng, khu vực nông thôn là 6,2 triệu đồng/tháng.', 'tangluong2024.jpg', '2024-01-02', 854, ''),
(10000009, 10000009, 'Cảnh giác AI tạo hình ảnh và giọng nói giả mạo để lừa tiền trên mạng', 'Nguyễn Thanh Hương (tên nhân vật đã được thay đổi) là nhân viên văn phòng tại Hà Nội. Trong một lần trò chuyện với bạn qua Facebook Messenger, người bạn của Hương đã chào và kết thúc câu chuyện nhưng đột nhiên quay lại nhắn tin, hỏi vay tiền và đề nghị chuyển tiền vào một tài khoản ngân hàng.\r\n\r\nDù tên tài khoản trùng khớp với tên bạn mình, Hương vẫn thoáng nghi ngờ nên yêu cầu gọi video để xác thực. Người bạn đồng ý ngay nhưng cuộc gọi chỉ kéo dài vài giây do \"mạng chập chờn\", theo giải thích của người bạn. Đã thấy mặt bạn mình trong cuộc gọi video, giọng nói cũng đúng của người này, Hương không còn nghi ngờ và chuyển tiền. Tuy nhiên, chỉ sau khi chuyển tiền thành công, Hương mới biết mình đã mắc bẫy của hacker.\r\n\r\nKhông chỉ Hương, nhiều nạn nhân khác là bạn bè, người thân của người bạn Hương cũng bị lừa theo cách tương tự. Số tiền kẻ xấu lừa được từ tài khoản Facebook đó lên tới hàng chục triệu đồng.\r\n\r\nNửa cuối năm 2023, hãng bảo mật Bkav liên tục nhận được các báo cáo cũng như yêu cầu trợ giúp của nạn nhân về các vụ việc lừa đảo tương tự. Theo các chuyên gia của Bkav, trong trường hợp của bạn Hương, kẻ xấu đã kiểm soát được tài khoản Facebook nhưng không lập tức chiếm đoạt hoàn toàn mà âm thầm theo dõi, chờ cơ hội giả làm nạn nhân để hỏi vay tiền bạn bè, người thân của họ. Chúng sử dụng AI để tạo sẵn một đoạn video giả mạo gương mặt và giọng nói của chủ tài khoản Facebook (Deepfake). Khi được yêu cầu gọi điện video call để chứng thực, chúng đồng ý nhận cuộc gọi nhưng sau đó nhanh chóng ngắt kết nối để tránh bị phát hiện.\r\n\r\nÔng Nguyễn Tiến Đạt, Tổng giám đốc Trung tâm nghiên cứu mã độc (AntiMalware) của Bkav, cho biết: \"Khả năng thu thập và phân tích dữ liệu người dùng thông qua AI cho phép tạo ra những chiến lược lừa đảo tinh vi. Điều này cũng có nghĩa là mức độ phức tạp của các kịch bản lừa đảo khi kết hợp giữa Deepfake và GPT sẽ ngày càng cao, khiến việc nhận diện lừa đảo sẽ khó khăn hơn rất nhiều\".\r\n\r\nBkav khuyến cáo người dùng cần đặc biệt nâng cao cảnh giác, không cung cấp thông tin cá nhân (CCCD, tài khoản ngân hàng, mã OTP…), không chuyển tiền cho người lạ qua điện thoại, mạng xã hội, các trang web có dấu hiệu lừa đảo. Khi có yêu cầu vay/chuyển tiền vào tài khoản qua mạng xã hội, nên thực hiện các phương thức xác thực khác như gọi điện thoại hay sử dụng các kênh liên lạc khác để xác nhận lại.', 'hack.jpg', '2024-02-14', 811, ''),
(10000010, 10000010, 'Buộc thôi việc Phó Chánh Thanh tra Sở GTVT Cà Mau', 'Ngày 22/2, Giám đốc Sở Giao thông vận tải (GTVT) tỉnh Cà Mau vừa có quyết định kỷ luật buộc thôi việc đối với ông Đoàn Hoàng Thoại, Phó Chánh Thanh tra Sở này.\r\n\r\nÔng Thoại bị kỷ luật vì sử dụng bằng tốt nghiệp THPT không hợp pháp, đã vi phạm quy định về việc \"sử dụng văn bằng, chứng chỉ, giấy chứng nhận, xác nhận giả hoặc không hợp pháp để được tuyển dụng vào cơ quan, tổ chức, đơn vị\".\r\n\r\nTrước đó, ngày 22/1, Đảng ủy Sở GTVT tỉnh Cà Mau đã có quyết định thi hành kỷ luật Đảng với ông Thoại bằng hình thức cách chức chi ủy viên Chi bộ Thanh tra GTVT nhiệm kỳ 2022-2025.\r\n\r\nÔng Thoại (47 tuổi) quê huyện Cái Nước (tỉnh Cà Mau) và có trình độ cử nhân luật.\r\n\r\n', 'phochanh.jpg', '2024-02-03', 532, ''),
(10000011, 10000011, 'Xuất hiện trojan trộm Face ID và tài khoản nhắm tới người dùng Việt Nam', 'Không ít người chọn dùng iPhone vì cho rằng thiết bị này an toàn hơn so với Android, nhưng quan điểm đó không còn chính xác hoàn toàn khi mới đây các chuyên gia bảo mật phát hiện một loại trojan (phần mềm độc hại ẩn danh một chương trình hợp pháp) được thiết kế dành riêng cho mẫu smartphone của Apple.\r\n\r\nBáo cáo mới nhất của công ty bảo mật Group-IB cho biết loại trojan có tên GoldDigger từng \"làm mưa làm gió\" trên Android giờ đây đã có biến thể nhắm đến thông tin người dùng iPhone, iPad. Công ty này cho rằng đây là lần đầu tiên có một loại trojan thiết kế riêng cho iOS, có khả năng thu thập dữ liệu nhận diện khuôn mặt (Face ID), tài liệu liên quan đến danh tính và kể cả nội dung tin nhắn SMS.\r\n\r\nPhần mềm độc hại này lần đầu được tìm thấy vào tháng 10.2023, tới nay đã có thêm thế hệ mới mang tên GoldPickaxe, cao cấp hơn khi tách biệt phiên bản hoạt động trên thiết bị chạy Android cũng như iOS. Khi xâm nhập được vào điện thoại, GoldPickaxe sẽ thu thập thông tin nhạy cảm giúp tin tặc tấn công tài khoản ngân hàng cũng như các ứng dụng tài chính có trên máy nạn nhân. Chưa dừng ở đó, dữ liệu sinh trắc lấy được có thể bị phục vụ cho mục đích tạo AI Deepfake để kẻ tấn công giả dạng người dùng trên môi trường số.Đáng lo ngại hơn cả, theo Phone Arena, hiện tại GoldPickaxe đang nhắm tới nạn nhân ở Việt Nam, Thái Lan. Nếu thành công tại đây, những kẻ đứng sau có thể tiếp tục phát tán chương trình độc hại ở các thị trường khác như Mỹ, châu Âu và cuối cùng là trên toàn cầu.\r\n\r\nTrên Android, việc cài cắm trojan có phần đơn giản khi chúng dễ dàng \"ẩn mình\" dưới dạng ứng dụng mạo danh hay chiến dịch lừa đảo có chủ đích. Với iOS sẽ khó khăn hơn bởi hệ sinh thái của Apple nổi tiếng \"kín cổng cao tường\", nhưng tin tặc vẫn tìm ra lối đột nhập.\r\n\r\nBan đầu, trojan trên iOS được phát tán thông qua Apple TestFlight, một nền tảng cho phép nhà phát triển tung bản thử nghiệm của các ứng dụng mà không cần trải qua quy trình xét duyệt nghiêm ngặt của App Store. Nhưng sau khi Apple gỡ các chương trình đó khỏi TestFlight, hacker chuyển sang giải pháp nâng cao: tấn công thông qua cấu hình Quản lý thiết bị di động (MDM) - hình thức thường dùng để quản lý máy doanh nghiệp.\r\n\r\nGroup-IB đã thông báo vấn đề tới Apple để nhà sản xuất có thể tìm giải pháp xử lý phần mềm độc hại nhắm tới người dùng. Trong lúc chờ đợi bản vá bảo mật từ hãng, người dùng nên chủ động bảo vệ thiết bị cũng như thông tin cá nhân, không cài đặt ứng dụng từ các nguồn thiếu tin cậy, tránh sử dụng TestFlight và các ứng dụng từ đây, luôn cập nhật phiên bản hệ điều hành mới nhất trên thiết bị.\r\n\r\nCác hình thức lừa đảo, tấn công nhắm vào tài khoản người dùng xuất hiện ngày càng nhiều và kịch bản không ngừng thay đổi để tinh vi và khó lường hơn. Mới đây, một nữ y tá tại Mỹ đã mất số tiền tiết kiệm lên tới 24.000 USD (gần 590 triệu đồng) vì tin cuộc gọi mạo danh. Kẻ gian đã sử dụng một phần mềm có khả năng thay đổi thông tin hiển thị số gọi đến để vào vai nhân viên ngân hàng nơi người này gửi tiết kiệm, sau đó tư vấn và dụ dỗ nạn nhân chuyển toàn bộ số tiền sang một tài khoản khác \"an toàn hơn\".\r\n\r\nTrong bối cảnh trí tuệ nhân tạo ngày càng thông minh hơn, tin tặc cũng không ngừng ứng dụng công nghệ này để phục vụ cho mục đích xấu, khiến việc phát hiện cũng trở nên khó khăn hơn nhiều.', 'trojan.jpg', '2023-11-11', 1239, ''),
(10000012, 10000012, 'Thành lập 134 nghiệp đoàn khu vực lao động phi chính thức', 'Phát biểu tham luận với chủ đề Đổi mới công tác tuyên truyền, vận động, tập hợp người lao động khu vực phi chính thức vào tổ chức Công đoàn Việt Nam trên địa bàn TPHCM tại Đại hội XIII Công đoàn Việt Nam, ông Trần Đoàn Trung, Phó Chủ tịch Thường trực Liên đoàn Lao động TPHCM cho biết, đơn vị đang quản lý gần 20.000 công đoàn cơ sở với 1,4 triệu đoàn viên, trong đó, khu vực ngoài nhà nước có hơn 16.000 công đoàn cơ sở với khoảng 1,1 triệu đoàn viên.\r\n\r\nTrước những biến động phức tạp của tình hình, một số lượng lớn doanh nghiệp phải rút lui khỏi thị trường, điều chỉnh phương án sản xuất, cắt giảm lao động; tất cả làm thay đổi sâu sắc nhận thức, phương thức quản trị, cách thức tổ chức sản xuất, việc làm, lao động và quan hệ lao động.\r\n\r\nBằng nhiều giải pháp chủ động, sát hợp tình hình, thấu cảm, chia sẻ với khó khăn của người lao động và cộng đồng doanh nghiệp, theo ông Trung, việc duy trì và tiếp tục tập hợp, chăm lo và phát triển lực lượng được công đoàn thành phố tập trung thực hiện.', '134.jpg', '2023-12-21', 847, ''),
(10000013, 10000013, 'Gen Z, Millennials và Gen X thực sự cảm thấy thế nào về phẫu thuật thẩm mỹ?', 'Liệu Gen Z có thực sự quan tâm đến phẫu thuật thẩm mỹ như các kênh truyền thông phản ảnh không? Chúng tôi bắt đầu phỏng vấn những chị em thuộc nhiều phân khúc, thế hệ Z, thế hệ millennials và thế hệ X để xem thái độ và quan điểm của họ về phẫu thuật thẩm mỹ.\r\n\r\n\"Tôi không thể nói dối rằng bản thân bị ảnh hưởng bởi những người mà tôi thấy trên ti vi và mạng xã hội về tiêu chuẩn sắc đẹp, nhưng tôi nghĩ chúng ta cũng đã bắt đầu chuyển sang đón nhận những đặc điểm tự nhiên đẹp đến không ngờ. Những điều đó nổi bật với tôi. Với tôi, đó là khoảng cách giữa mắt và lông mày, nốt ruồi nhỏ duyên dáng hoặc những đường nét có chút sắc thái, tự nhiên mà tôi thấy đẹp nhất\", Linh Nguyễn, 21 tuổi hiện đang là sinh viên năm cuối, trường Đại học Kinh tế TP.HCM cho biết.\r\n\r\n\"Tôi thực sự quan tâm đến những sắc thái làm đẹp nhỏ giúp bạn tôn lên vẻ đẹp tự nhiên của mình. Nó giống như việc điêu khắc lông mày của bạn để làm cho chúng trông rậm rạp hơn hoặc thứ gì đó theo đường gân mà tôi thấy đẹp. Và tôi yêu một vóc dáng thể thao, chắc chắn tôi bị thu hút bởi vẻ đẹp thể thao hơn những người có vẻ như đã trải qua các cuộc làm đẹp để nâng vóc dáng mình. Tôi thích cánh tay săn chắc và đôi chân khỏe khoắn hơn là cặp mông hay bộ ngực siêu to\", Lê Thủy, 44 tuổi chia sẻ.\r\n\r\nHoàng Oanh, 36 tuổi, cho biết: \"Điều quan trọng nhất đối với tôi là vẫn trông giống mình nhưng thích những phiên bản tốt hơn của bản thân. Tôi chỉ thích thứ gì đó trông tự nhiên hơn. Gần đây tôi đã thảo luận vấn đề này với các bạn gái của mình và chúng tôi không cố gắng để trông mình không già đi. Tôi không cố tỏ ra mình mới 20 tuổi bởi thời gian đã trôi qua, nhưng tôi nghĩ đó chỉ là phiên bản tốt nhất của chính mình, nơi đôi mắt mình sáng hơn. Có thể tôi cho phép bản thân thực hiện một chút phương pháp làm đầy như tiêm Botox, nhưng phải giống tôi một cách tỉnh táo. Đối với tôi, điều quan trọng là trông không hề giả tạo\".\r\n\r\nThạc sĩ, bác sĩ Nguyễn Quang Tiến (Giám đốc Bệnh viện Răng Hàm Mặt Sài Gòn) cho hay: \"Phương pháp thẩm mỹ được Gen Z \'ưu ái\' nhất chính phẫu thuật nâng mũi. Họ đã lớn lên trong một thời đại mà việc phẫu thuật thẩm mỹ là điều bình thường”.\r\n\r\nViệc bình thường hóa phẫu thuật thẩm mỹ đã thúc đẩy mức độ thoải mái kỳ lạ với các thủ thuật, đưa thế hệ Z vào làm đẹp ở độ tuổi sớm hơn bình thường. Họ thực sự bước vào thế giới thẩm mỹ y tế mà không hề e ngại. \"Trong khi thế hệ Millennials tò mò và thiên về nghiên cứu, còn Gen X trở nên kín đáo và thận trọng hơn, thì các bệnh nhân Gen Z trong phòng khám của tôi lại có tư duy cầu tiến và cởi mở, đối với thử nghiệm, sự xâm lấn, rủi ro và thời gian ngừng hoạt động\", Thạc sĩ, bác sĩ Trung Võ cho biết.\r\n\r\nBác sĩ Võ Thành Trung cung cấp thêm, thẩm mỹ của thế hệ Gen Z hơi khó mô tả vì sở thích của họ rất khác nhau, thường bác bỏ các xu hướng trong quá khứ và các nguyên mẫu cổ điển. \"Họ linh hoạt hơn trong suy nghĩ, ít cứng nhắc hơn về điều gì là nữ tính và điều gì là nam tính, điều gì đẹp và điều gì không, sở thích thích hợp và chủ nghĩa cá nhân của họ như một kiểu phản ứng đối với những kiểu dáng được thế hệ trước phổ biến. Gen Z đã thực sự tránh xa \'khuôn mặt Instagram\' và bất cứ thứ gì rập khuôn, có thể thử coi sự độc đáo như một cách thể hiện và điều đó mang lại nhiều loại kết quả riêng biệt hơn. Khi chọn Botox hay chất làm đầy, họ thường thực hiện những điều chỉnh nhỏ để phù hợp với bản sắc của mình chứ không phải một tiêu chuẩn sắc đẹp tùy tiện nào đó. Những đặc điểm và thái độ này dường như vượt qua địa lý. Ví dụ, nếu họ cảm thấy môi mình hơi mỏng, họ sẽ thử dùng thuốc tiêm, nhưng họ sẽ chỉ nhấn mạnh vào đường viền và độ lệch hơn là thể tích\".\r\n\r\nChuyên gia da liễu Quỳnh Giao (Trung tâm chăm sóc da Acclear), cũng chia sẻ cô coi bệnh nhân Gen Z là khác thường. Cô cho biết: “Những bệnh nhân Gen Z đến phòng khám chủ yếu \'muốn trông giống chính họ\', không phải bản sao của bạn bè hay những gương mặt nổi tiếng. Họ rõ ràng về mục tiêu của mình và cảm xúc của họ mang nhiều sắc thái mới mẻ\". Mối quan tâm về da là ưu tiên hàng đầu của nhóm tuổi này, đại đa số đều muốn thu nhỏ lỗ chân lông và sẹo mụn bằng phương pháp lột da hóa học, laser không xâm lấn và lăn kim. Để củng cố kết quả, tất cả họ đều sử dụng kem chống nắng và retinoid bôi tại nhà. Họ cũng quan tâm đến các thiết bị microneedling bằng laser và tần số vô tuyến (RF) như Morpheus8 và Secret RF, hứa hẹn mang lại làn da mịn màng.\r\n\r\n\"Tôi nghĩ khi đến tuổi trưởng thành, tôi bắt đầu nghĩ đến việc thực hiện một quy trình phẫu thuật. Tôi sẽ không lao vào bất cứ điều gì khi còn là thiếu niên. Hãy cho mình một chút thời gian để suy nghĩ. Phụ nữ nên có quyền lựa chọn phẫu thuật thẩm mỹ mà không cần lo lắng bị phán xét, bạn nên có ý tưởng rằng nếu đang gặp khó khăn với sự tự tin thì cần khắc phục vấn đề mình nhận thấy ngay lập tức. Làm phụ nữ thật khó khăn vì dù chúng ta ở độ tuổi nào hay trông như thế nào vẫn luôn bị soi xét kỹ lưỡng và phải theo kịp mọi tiêu chuẩn hoặc xu hướng làm đẹp mới. Bạn sẽ bị đánh giá nếu bạn chọn PTTM, nhưng bạn cũng bị đánh giá vì chỉ \'tồn tại\' như con người tự nhiên của mình\", Linh Nguyễn chia sẻ.\r\n\r\n\"Tôi nghĩ sửa mũi trước khi học đại học cũng ổn nhưng nhìn chung tôi nghĩ bộ não con người chưa phát triển đầy đủ cho đến tuổi 25. Không nên đưa ra quyết định về việc thay đổi cơ thể vĩnh viễn trước thời điểm đó. Có những cô gái ở công sở của tôi đã đi làm cằm và làm má vào năm 16 tuổi và tôi thấy điều đó thật đáng sợ\", Hoàng Oanh cho biết.\r\n\r\nMột điều mà các bác sĩ thẩm, chuyên gia làm đẹp cung cấp thêm, bệnh nhân Gen Z dễ rơi vào những lầm tưởng kết quả trên mạng xã hội của những người không phải chuyên gia, bác sĩ thứ thiệt mà thường bởi những TMV dởm, lừa đảo. \"Nhiều người thuộc thế hệ Gen Z đang tìm việc sửa mũi rất dễ bị lừa bởi những bức ảnh trước và sau giả. Họ sẽ tìm một bác sĩ phẫu thuật trên TikTok hoặc Instagram, người đọc tất cả kết quả của họ. Hoặc, họ sẽ bị thu hút bởi mô phỏng 3D - hình ảnh đã được chỉnh sửa bằng photoshop về mũi của họ thay vì kết quả thực tế, điều này cực kỳ nguy hiểm trong phẫu thuật nâng mũi và trong phẫu thuật thẩm mỹ làm đẹp\", bác sỹ Trung Võ cho biết.', 'pttm.jpg', '2024-01-10', 6750, ''),
(10000014, 10000014, 'Đề nghị Ninh Bình xem xét chấm dứt dự án sinh thái 2.800 tỷ đồng', 'Tại Kết luận thanh tra trách nhiệm thực hiện pháp luật về quản lý, sử dụng đất đai, cấp phép khai thác các mỏ đất, đá làm vật liệu xây dựng; công tác quy hoạch tại tỉnh Ninh Bình vừa được Thanh tra Chính phủ công bố, dự án Khu du lịch sinh thái hồ Đồng Thái nằm trong nhóm 7 dự án bị kết luận phê duyệt quy hoạch chưa đúng tỷ lệ, chưa điều chỉnh quy hoạch chung, chỉ tiêu quy hoạch chưa phù hợp với quy hoạch cấp trên hoặc quy chuẩn xây dựng…\r\n\r\nThanh tra Chính phủ đã kiến nghị Thủ tướng chỉ đạo Chủ tịch UBND tỉnh Ninh Bình tiến hành kiểm tra, xử lý theo quy định pháp luật về đầu tư, đất đai đối với việc chậm tiến độ so với giấy chứng nhận đầu tư tại dự án này.\r\n\r\nĐặc biệt, Ninh Bình phải căn cứ Điều 47, Điều 48 Luật Đầu tư; Điều 64 Luật Đất đai; Nghị định số 43/2014, Nghị định số 47/2014, Nghị định số 01/2017 của Chính phủ để kiểm tra, rà soát, xem xét quyết định việc chấm dứt hoạt động dự án nêu trên theo thẩm quyền.\r\n\r\nDự án Khu du lịch sinh thái hồ Đồng Thái có tổng diện tích trên 2.100ha (thuộc địa bàn TP Tam Điệp và huyện Yên Mô), được UBND tỉnh Ninh Bình cấp Giấy chứng nhận đầu tư từ năm 2013 nhưng qua hơn 10 năm vẫn… bất động.\r\n\r\nChủ đầu tư dự án là Công ty CP đầu tư PV-Inconess; tổng mức đầu tư trên 2.800 tỷ đồng, dự kiến xây dựng khu đón tiếp, khu du lịch sinh thái, khu dịch vụ và khu biệt thự nhà vườn.\r\n\r\nNgoài ra, Công ty CP đầu tư PV-Inconess còn làm chủ đầu tư Dự án Khu Trung tâm liên hợp du lịch và thể thao sân golf 54 lỗ hồ Yên Thắng với diện tích 670 ha, tổng vốn khoảng 4.615 tỷ đồng.\r\n\r\nCũng tại kết luận thanh tra trên, Thanh tra Chính phủ đã yêu cầu tỉnh Ninh Bình rà soát, xác định lại tiền sử dụng đất, tiền thuê đất theo đúng quy định của pháp luật, đảm bảo đúng tính đúng, tính đủ, không để thất thoát ngân sách nhà nước tại Dự án Trung tâm liên hợp du lịch và thể thao sân golf 54 lỗ hồ Yên Thắng.\r\n\r\nCụ thể, Ninh Bình phải xác định lại tiền sử dụng đất diện tích 22,69ha và điều chỉnh đơn giá thuê đất diện tích gần 91ha.\r\n\r\nCơ quan thanh tra đã kiến nghị Thủ tướng chỉ đạo Ngân hàng Nhà nước (trường hợp cần thiết, phối hợp với các bộ ngành liên quan) kiểm tra, rà soát việc chuyển nhượng, xác định giá chuyển nhượng hơn 66,8 triệu cổ phiếu (75% vốn sở hữu) tại Công ty PV-Inconess từ Công ty TNHH MTV Quản lý quỹ Vietinbank sang TCG Land liên quan đến dự án đầu tư xây dựng Khu du lịch sinh thái hồ Đồng Thái và Dự án Trung tâm liên hợp du lịch và thể thao sân golf 54 lỗ hồ Yên Thắng.', '2800ty.jpg', '2024-01-24', 3572, ''),
(10000015, 10000015, 'Mùa thu hoạch \"ngọc thực\" trên lưng chừng trời', 'Từ đầu tháng 10 Âm lịch đến nay, người dân xã Giáp Đắt, huyện Đà Bắc, tỉnh Hòa Bình tất bật thu hoạch vụ lúa nếp nương mới. Khác với các giống lúa nước, lúa nếp nương mỗi năm chỉ cho thu hoạch một vụ.\r\n\r\nBà con dân tộc Tày ở vùng núi cao tỉnh Hòa Bình chia sẻ, lúa nếp nương được cấy từ tháng 5 Âm lịch và cho thu hoạch vào cuối tháng 9, đầu tháng 10. Lúa nếp nương phải thu hoạch 2 - 3 lần mới hết vì chín không đồng đều như các giống lúa khác.\r\n\r\nTừ bao đời nay, lúa nếp nương được người Tày xem như sản vật quý giá trời ban. Hạt \"ngọc thực\" này không chỉ giúp người dân khỏi lo thiếu đói mà còn để làm ra nhiều món ăn ngon, dùng làm lễ vật cúng tiến, các loại đặc sản đậm đà bản sắc vùng cao.\r\n\r\nBà Nông Thị Cấu (65 tuổi) cho biết, gạo nếp bình thường hạt tròn, mập, còn lúa nếp nương thì có 3 loại là vàng hạt dài, vàng đen hạt tròn có lông và vàng hạt nhỏ.\r\n\r\n\"Người dân chúng tôi thường chế biến lúa nếp nương thành các món ăn ngon như: cốm, xôi nếp, bánh chưng, bánh dày, rượu nếp... Đây là những món ăn làm nên nét văn hóa đặc trưng của người Tày\", bà Cấu chia sẻ.\r\n\r\nVào vụ thu hoạch lúa nếp nương, chị em phụ nữ dân tộc Tày đeo gùi sau lưng, dùng liềm thép (vật dụng dùng để cắt) hái, ngắt từng bông một. Bông lúa được bó lại với nhau, tuốt lấy hạt tại ruộng hoặc đem về nhà phơi cả bông với mục đích sử dụng được lâu dài.\r\n\r\nHầu hết ruộng lúa nếp nương nằm trên những đồi núi cao có độ dốc lớn, cách xa khu dân cư. Vì thế, vào vụ thu hoạch, bà con gặp nhiều khó khăn khi cắt lúa cũng như vận chuyển.\r\n\r\nChị Nông Thị Vui tâm sự: \"Việc thu hoạch lúa nếp nương đòi hỏi sự tỉ mỉ và kỳ công. Những người đi hái lúa phải gom hái từng bông một, khác với việc gặt lúa nước, có thể dùng liềm khua theo chiều cong, mỗi lần khua, cắt được 15-20 bông, nhanh hơn rất nhiều\".\r\n\r\nHạt lúa nếp nương sau khi thu hoạch được đưa về, tùy theo nhu cầu sử dụng của gia đình, thường mỗi hộ sẽ để dành lượng lúa phù hợp, số còn lại bán lấy tiền trang trải cuộc sống.\r\n\r\nGiá lúa nếp nương cao hơn rất nhiều so với các giống lúa khác. Vì thế, nhà nào có nhiều ruộng, trồng nhiều lúa cũng có khoản thu nhập lớn hàng năm.\r\n\r\nTrồng ra được những cây lúa nếp nương, người dân đỡ công chăm sóc hơn lúa nước. Tuy nhiên, vào mùa gieo lúa và thu hoạch lại tốn nhiều công sức hơn do cây lúa nằm rải rác ở nhiều khu đồi cao khác nhau.\r\n\r\nBà con dân tộc Tày quan niệm, mùa thu hoạch lúa nếp nương như đi nhặt \"ngọc\" trên lưng chừng trời, vì mỗi mảnh ruộng lại cheo leo trên những quả đồi có độ cao và dốc lớn.\r\n\r\nĐể thu được hạt \"ngọc thực\" trời ban, người nông dân phải dùng chiếc hái đặc biệt, được chế tạo dành riêng cho việc thu hoạch lúa nếp nương.\r\n\r\nCác bông lúa sau khi được cắt đưa về, một gia đình vẫn còn đập lúa theo phương pháp thủ công truyền thống. Gần đây, được hỗ trợ mua sắm máy tuốt lúa, năng suất lao động đã cao hơn, việc thu hoạch nhanh gấp 3 lần, công việc vì thế cũng nhàn hơn trước rất nhiều.', 'ngocthuc.jpg', '2023-12-21', 8273, ''),
(10000016, 10000016, 'HLV Troussier: \'Chỉ trích tôi thì được, xin đừng chê trách học trò của tôi\'', 'Đội tuyển Việt Nam đã chia tay Asian Cup 2023 sớm một lượt đấu, sau khi trắng tay ở cả hai cuộc so tài gặp Nhật Bản và Indonesia. Đội bóng của HLV Philippe Troussier chịu áp lực với lần đầu tiên bị loại ở vòng bảng Asian Cup, tuy nhiên, chiến lược gia người Pháp cho rằng ông cùng toàn đội vẫn duy trì tinh thần cùng nỗ lực đến trận cuối cùng.\r\n\r\n\"Về điểm số cũng như điều lệ giải đấu, đội tuyển Việt Nam đã không còn khả năng đi tiếp. Song, chúng tôi vẫn giữ động lực bởi hai lý do.\r\n\r\nTrước tiên là bảo vệ danh dự màu cờ sắc áo Việt Nam ở cấp độ châu lục. Ngoài ra, đây là nền tảng để chúng tôi hướng tới 2 trận gặp Indonesia ở vòng loại 2 World Cup 2026. Chúng tôi đã thua Nhật Bản và Indonesia trong 2 trận đã qua, nhưng cầu thủ đã thể hiện tinh thần dám chơi bóng.\r\n\r\nĐặc biệt trong hiệp 2 trận gặp Indonesia, các cầu thủ đã không bỏ cuộc, chiến đấu đến phút cuối. Tôi tin rằng đây là điều các cầu thủ cần giữ vững cho trận gặp Iraq cũng như 2 trận gặp Indonesia vào tháng 3\", HLV Troussier chia sẻ.\r\n\r\nNhà cầm quân người Pháp nói thêm về áp lực mà ông đang chịu đựng khi huấn luyện đội tuyển Việt Nam, đồng thời khẳng định sẽ chiến đấu đến cùng với nhiệm vụ đã được giao.\r\n\r\n\"Với cá nhân tôi, tôi chịu trách nhiệm với kết quả vừa qua của đội bóng. Tôi hiểu được cảm xúc của giới truyền thông và người hâm mộ Việt Nam sau 2 trận đấu vừa rồi. Khi mới dẫn dắt đội tuyển Việt Nam, lãnh đạo VFF có trao đổi với tôi rằng ở vòng loại World Cup 2026, đội tuyển Việt Nam cần một màn thể hiện tốt hơn trước các đội hàng đầu châu lục. Bởi ở vòng loại 3 World Cup 2022 trước đó, đội đã thua 8 trên 10 trận.\r\n\r\nĐể thu hẹp khoảng cách với nhóm đầu, chúng tôi cần thay đổi cách tiếp cận lối chơi. Điều này hiển nhiên không dễ dàng, bởi để thay đổi, chúng tôi cần yêu cầu rất nhiều từ các cầu thủ. Đó là tinh thần, sự chủ động cũng như cách tiếp cận trận đấu. Hiện tại, đội tuyển Việt Nam đã bị loại, nhưng với tinh thần, thái độ của cầu thủ dựa theo yêu cầu của tôi, thì tôi hài lòng với tất cả. Đặc biệt khi đội hình Việt Nam có nhiều cầu thủ trẻ và 100% lực lượng đang thi đấu trong nước.\r\n\r\nMọi người ở ngoài sẽ có góc nhìn riêng. Còn trong nội bộ, chúng tôi đang nỗ lực làm việc hàng ngày. Tôi chấp nhận những lời chỉ trích hướng về phía tôi. Nhưng còn những lời chỉ trích nhắm vào cầu thủ của tôi, dù nhiều người trong số họ đã nỗ lực tới 200% trong tập luyện và thi đấu, tôi khó lòng chấp nhận điều đó. Tôi luôn động viên cầu thủ hàng ngày trong tập luyện, tôi nhìn thấy sự tiến bộ của họ. Dĩ nhiên, bản thân khi tôi đã nói tôi chịu trách nhiệm về kết quả, thì các bạn hãy hiểu rằng chỉ cần cầu thủ còn tin tưởng, VFF còn tín nhiệm, tôi sẽ tiếp tục chiến đấu và làm nhiệm vụ của mình\".\r\n\r\nNói về lý do không sử dụng Hùng Dũng ở trận gặp Indonesia, HLV Troussier trả lời ngắn gọn: \"Lựa chọn nhân sự đến từ quyết định của tôi, dựa vào những phân tích và diễn biến trận đấu thực tế. Trợ lý luôn đưa ra cho tôi tư vấn, phân tích, nhưng tôi mới là người chịu trách nhiệm cuối cùng về những quyết định nhân sự ấy\".\r\n\r\nKhi được hỏi về những điều cần khắc phục sau thất bại trước Indonesia, HLV Troussier khẳng định các cầu thủ cần tiếp tục tuân thủ định hướng lối chơi và thể hiện tinh thần vượt ngưỡng trong trận đấu gặp Iraq.\r\n\r\n\"Trong trận đấu vừa rồi, đặc biệt là 15 phút đầu hiệp 1, Indonesia đã đẩy đội hình lên, chơi áp sát với cường độ rất cao. Tuy nhiên nhìn lại trận đấu, chúng tôi lưu tâm hơn về hiệp 2. Đội tuyển Việt Nam đã chơi tốt hơn và xứng đáng có 1 bàn thắng với những gì đã tạo ra. Việc mất người trong những phút cuối khiến Việt Nam khó ngược dòng. Trong bóng đá, kết quả không chỉ xuất phát từ sự chuẩn bị hay quyết định trên sân, mà còn bị tác động bởi những sai số nằm ngoài sự chuẩn bị đó.\r\n\r\nVì vậy, tôi muốn nói rằng tôi muốn giữ vững, củng cố những gì đã làm được trong hiệp 2. Tôi động viên cầu thủ rằng họ đã vượt ngưỡng, hãy tiếp tục những gì đã làm. Đội tuyển Việt Nam sẽ hướng tới trận ngày mai với những định hướng lối chơi đã chuẩn bị sẵn. Chúng tôi coi trận gặp Iraq là nền tảng để chuẩn bị cho 2 trận gặp Indonesia tại vòng loại 2 World Cup 2026\", HLV Troussier phân tích.\r\n\r\n\"Chúng tôi hiểu rằng Iraq là cựu vô địch châu Á, họ cũng có những cầu thủ đang chơi ở nước ngoài. Họ nằm trong nhóm 5 hoặc 6 đội mạnh nhất châu Á, đứng dưới Nhật Bản, Hàn Quốc, nhưng ngang hàng Iran hay Ả Rập Xê Út. Với tôi, Iraq là ứng viên nặng ký cho tấm vé dự World Cup 2026. Iraq là tấm gương cho nhiều đội bóng. Về thể chất, kỹ thuật, các cầu thủ có thể chưa giỏi, nhưng họ phải có phẩm chất thủ lĩnh, tinh thần chiến đấu, thể hiện ở cả trong trận đấu hay trong phòng thay đồ.\r\n\r\nỞ Việt Nam, các cầu thủ dường như hơi lịch sự, hơi lành. Họ cần phải quyết liệt hơn, cởi mở hơn, phản ứng mạnh mẽ hơn nữa, dù điều đó chẳng hề dễ dàng. Tôi muốn đội tuyển Việt Nam sẽ tạo ra bầu không khí thoải mái nhất, và để có được điều đó, chúng tôi phải thắng Iraq. Các cầu thủ sẽ nỗ lực mang đến kết quả tốt. Iraq đã vượt qua vòng bảng, nhưng chúng tôi vẫn muốn để lại hình ảnh đẹp, rằng đội tuyển Việt Nam đang cải thiện. Hy vọng Việt Nam sẽ chơi hay, có một trận đấu chất lượng. Hãy nhìn xem chúng tôi có thể làm được gì\", chiến lược gia người Pháp khép lại cuộc họp báo.', 'hlvt.jpg', '2024-02-08', 2414, '');
INSERT INTO `newsdetails` (`_id`, `News_id`, `Title`, `Content`, `Image`, `created_at`, `Views`, `Reply`) VALUES
(10000017, 10000017, 'Ngân hàng thương mại được thực hiện hoạt động đại lý bảo hiểm', 'Tiếp tục chương trình Kỳ họp bất thường lần thứ 5, chiều nay (15/1) Quốc hội tiến hành thảo luận về dự thảo Luật Các tổ chức tín dụng sửa đổi. Chủ nhiệm Ủy ban Kinh tế của Quốc hội Vũ Hồng đã Thanh trình bày Báo cáo giải trình, tiếp thu, chỉnh lý dự thảo Luật Các tổ chức tín dụng sửa đổi gồm nhiều nội dung. \r\n\r\nĐáng chú ý, Về nghiệp vụ ủy thác và đại lý, giao đại lý (Điều 113), ông Vũ Hồng Thanh cho biết, sau khi tiếp thu ý kiến đại biểu, Ủy ban Thường vụ Quốc hội chỉnh lý dự thảo Luật theo hướng bổ sung quy định tại khoản 2 Điều 113 và tương tự tại các điều tương ứng với từng loại hình tổ chức tín dụng.\r\n\r\nCụ thể: \"Ngân hàng thương mại được thực hiện hoạt động đại lý bảo hiểm theo quy định của pháp luật về kinh doanh bảo hiểm, phù hợp với phạm vi hoạt động đại lý bảo hiểm theo quy định của Thống đốc Ngân hàng Nhà nước\".\r\n\r\nTrước đó, có ý kiến đề nghị cân nhắc việc cho phép ngân hàng làm đại lý bảo hiểm. Có ý kiến đề nghị bổ sung quy định: \"Không cho phép các tổ chức tín dụng liên kết với các công ty bảo hiểm, giao cho nhân viên ngân hàng vận động khách hàng mua bảo hiểm\".\r\n\r\nCó ý kiến đề nghị cần phải luật hóa việc xử lý đối với các hành vi vi phạm với nhân viên của các tổ chức tín dụng, ngân hàng ép người dân phải mua bảo hiểm khi có nhu cầu vay vốn ngân hàng.\r\n\r\nVề giới hạn cấp tín dụng (Điều 136), Ông Vũ Hồng Thanh cho biết, Ủy ban Thường vụ Quốc hội đã chỉnh lý dự thảo Luật theo hướng quy định lộ trình cụ thể tại khoản 1 Điều 136 dự thảo Luật với thời hạn giảm dần giới hạn cấp tín dụng trong 5 năm từ khi Luật có hiệu lực đến năm 2029.\r\n\r\nQuy định này nhằm bảo đảm minh bạch, rõ ràng, đồng thời tránh tác động đột ngột đến hoạt động của các tổ chức tín dụng, chi nhánh ngân hàng nước ngoài, nhưng vẫn hạn chế việc tập trung tín dụng vào một khách hàng và một nhóm khách hàng, tăng khả năng tiếp cận tín dụng cho đối tượng khách hàng khác.\r\n\r\nLiên quan tới việc can thiệp sớm tổ chức tín dụng, chi nhánh ngân hàng nước ngoài (chương IX), ông Vũ Hồng Thanh cho biết, Ủy ban Thường vụ Quốc hội đã chỉnh lý dự thảo Luật theo hướng quy định giao Ngân hàng Nhà nước xem xét, quyết định thực hiện can thiệp sớm khi tổ chức tín dụng, chi nhánh ngân hàng nước ngoài thuộc một hoặc một số trường hợp.\r\n\r\nTrong đó có trường hợp: \"Số lỗ lũy kế của tổ chức tín dụng, chi nhánh ngân hàng nước ngoài lớn hơn 15% giá trị của vốn điều lệ, vốn được cấp và quỹ dự trữ ghi trong báo cáo tài chính đã được kiểm toán gần nhất hoặc theo kết luận thanh tra, kiểm toán của cơ quan Nhà nước có thẩm quyền và vi phạm tỷ lệ an toàn vốn tối thiểu\" tại khoản 1 Điều 156.\r\n\r\nCũng theo ông Vũ Hồng Thanh, Ủy ban Thường vụ Quốc hội đã chỉnh lý dự thảo Luật theo hướng bổ sung giải pháp hạn chế tăng trưởng tín dụng nhằm kiểm soát rủi ro cũng như quy mô của tổ chức tín dụng, tránh tình trạng có tổ chức tín dụng đang yếu kém mà vẫn tăng trưởng và mở rộng hoạt động như thời gian qua, đến khi phát hiện thì đã muộn (quy mô tăng lên rất nhanh do không bị kiểm soát về hoạt động và tăng trưởng tín dụng) khiến cho việc xử lý càng trở nên khó khăn hơn và phải sử dụng nhiều nguồn lực hơn.\r\n\r\nỦy ban Thường vụ Quốc hội cũng giải trình, tiếp thu quy định về kiểm soát đặc biệt tổ chức tín dụng (Chương X), theo đó trên cơ sở ý kiến của đại biểu Quốc hội và đề xuất của Chính phủ, UBTVQH xin tiếp thu, chỉnh lý dự thảo Luật theo hướng giao thẩm quyền cho Ngân hàng Nhà nước xem xét, quyết định đặt tổ chức tín dụng vào kiểm soát đặc biệt khi thuộc các trường hợp được quy định cụ thể trong dự thảo luật.\r\n\r\nĐồng thời, để có cơ sở xử lý các tình huống đặc biệt có thể phát sinh, kế thừa Luật Các tổ chức tín dụng hiện hành, dự thảo Luật quy định: \"Trường hợp nhằm bảo đảm an toàn hệ thống tổ chức tín dụng, trật tự, an toàn xã hội khi xử lý tổ chức tín dụng được kiểm soát đặc biệt, Chính phủ quyết định việc áp dụng biện pháp đặc biệt trên cơ sở đề xuất của Ngân hàng Nhà nước và báo cáo Quốc hội tại kỳ họp gần nhất\".\r\n\r\nVề xử lý trường hợp tổ chức tín dụng bị rút tiền hàng loạt, vay, cho vay đặc biệt (Chương XI), ông Vũ Hồng Thanh cho biết, để bảo đảm tính thống nhất của quy định trong dự thảo Luật, Ủy ban Thường vụ Quốc hội chỉnh lý dự thảo Luật theo hướng:\r\n\r\nChỉnh lý khoản 3 Điều 191: \"Ngân hàng thương mại, ngân hàng hợp tác xã, quỹ tín dụng nhân dân, tổ chức tài chính vi mô được vay đặc biệt từ Ngân hàng Nhà nước; vay đặc biệt từ tổ chức bảo hiểm tiền gửi theo quy định của pháp luật về bảo hiểm tiền gửi; vay đặc biệt từ tổ chức tín dụng khác\" để phù hợp với các tổ chức tín dụng có nhận tiền gửi cá nhân bị rút tiền hàng loạt.\r\n\r\nChỉnh lý khoản 1 Điều 192 như sau: \"Tổ chức tín dụng được vay đặc biệt từ Ngân hàng Nhà nước, tổ chức tín dụng khác trong trường hợp sau đây: Để chi trả tiền gửi cho người gửi tiền theo quy định tại Điều 191 của Luật này; Để thực hiện phương án phục hồi, phương án chuyển giao bắt buộc\".\r\n\r\nQuy định trên bảo đảm phù hợp với quy định tại Điều 171 (cho phép công ty tài chính được vay đặc biệt để thực hiện phương án phục hồi, Điều 182 (cho phép ngân hàng thương mại được chuyển giao bắt buộc vay đặc biệt để thực hiện phương án chuyển giao bắt buộc) và Điều 191 của dự thảo Luật, cho phép một số loại hình tổ chức tín dụng được vay đặc biệt trong trường hợp bị rút tiền hàng loạt.\r\n\r\nChỉnh lý khoản 2 và khoản 3 Điều 192 như sau: \"Ngân hàng thương mại, ngân hàng hợp tác xã, quỹ tín dụng nhân dân, tổ chức tài chính vi mô được vay đặc biệt từ tổ chức bảo hiểm tiền gửi theo quy định của pháp luật về bảo hiểm tiền gửi. Ngân hàng hợp tác xã chỉ cho vay đặc biệt đối với quỹ tín dụng nhân dân theo quy định của Thống đốc Ngân hàng Nhà nước\".\r\n\r\n\r\n\r\n\r\n\r\n', 'nganhang.jpg', '2024-03-12', 3245, ''),
(10000018, 10000018, 'Khám phá sức mạnh smartphone tầm trung Honor X9b 5G', 'Honor X9b 5G sở hữu thiết kế màn hình mạnh mẽ cùng nhiều cải tiến bên trong đảm bảo nó trở thành mẫu smartphone tầm trung có độ bền đáng tiền nhất hiện nay.\r\n\r\nThiết kế sang trọng, màn hình bền bỉ\r\nHonor X9b 5G có thiết kế được bo cong ở hai cạnh sang trọng giúp tăng cường sự thoải mái trong quá trình sử dụng cũng như cầm nắm. Mặt sau gây ấn tượng với thiết lập ba camera đặt trong Vòng kép Cổ điển mang tính biểu tượng. Đặc biệt, phiên bản màu Cam bình minh được chế tác bằng da thực vật giúp tăng thêm nét tinh tế cho tính thẩm mỹ của smartphone.\r\n\r\nMàn hình Ultra-Bounce Anti-Drop trên Honor X9b đảm bảo khả năng chống rơi vỡ toàn diện 360° với chứng nhận 5 sao SGS Thụy Sĩ, đảm bảo khả năng bền bỉ khi rơi ở độ cao 1,5 m và bảo vệ 360° ở tất cả các cạnh và góc, ngay cả trên bề mặt đá cẩm thạch cứng. Ngoài ra, điện thoại còn có hệ thống bảo vệ 3 cấp độ hoàn toàn mới giúp củng cố màn hình, khung và các ngăn bên trong. Nhờ vậy, người dùng không cần phải lo lắng về những lần vô tình làm rơi máy.\r\n\r\nKhông chỉ bền bỉ, màn hình của Honor X9b 5G còn có thiết kế cong AMOLED 6,78 inch độ phân giải Retina 1,5K (1.200 x 2.652) sắc nét, 120 Hz, cung cấp 1,07 tỉ màu và độ sáng tối đa 1.200 nit giúp người dùng thưởng thức các nội dung như xem phim, chơi game di động tốc độ nhanh và thậm chí dưới ánh sáng mặt trời trực tiếp một cách dễ dàng.\r\n\r\nHiệu năng tốt nhất với thời lượng pin cả ngày\r\nĐược trang bị chip Snapdragon 6 Gen 1 4nm, Honor X9b là một cỗ máy mạnh mẽ nhờ sự tăng tốc trên cả CPU lẫn GPU tích hợp bên trong, giúp xử lý các tác vụ nặng một cách dễ dàng. Kết hợp với đó còn có RAM 20 GB Turbo (12 GB thực + 8 GB ảo) khổng lồ và bộ nhớ trong UFS 3.1 256 GB giúp người dùng thoải mái trong việc lưu trữ nội dung, mang lại trải nghiệm tuyệt vời và mượt mà trên thiết bị.\r\n\r\nVới dung lượng pin 5.800 mAh, Honor X9b mang đến thời lượng pin ấn tượng trong 3 ngày, hoàn hảo cho người dùng cần thực hiện nhiều công việc trên điện thoại. Pin có thể duy trì công suất vượt trội 80% ngay cả sau 3 năm và 1.000 chu kỳ sạc.\r\n\r\nTrong bài kiểm tra thời lượng pin cho thấy, nó có thể duy trì thời gian làm việc 1 - 2 ngày với đa dạng tác vụ từ đơn giản đến phức tạp (làm việc và giải trí như chơi game nặng, tải 100 phim/video...), tức tốc độ xử lý và thời gian sử dụng màn hình tối đa. Điện thoại hỗ trợ tính năng sạc nhanh 35W cho phép đạt từ 0 đến 100% chỉ trong khoảng 77 phút.\r\n\r\nNền tảng MagicOS 7.2 vận hành trên Honor X9b 5G mang đến cho người dùng trải nghiệm thú vị nhờ thiết kế thân thiện và trực quan. Người dùng có thể điều hướng bằng cử chỉ, đa nhiệm với tính năng chia đôi màn hình và tự do cá nhân hóa các biểu tượng ứng dụng của mình. Một số tính năng thú vị trên nền tảng có thể kể đến như hình nền ma thuật, trợ lý ảo YoYo, Magic Sound giúp nâng cao chất lượng cuộc gọi và âm nhạc, hay Honor Connect gợi nhớ đến Samsung DeX hay Huawei Share.\r\n\r\nMáy ảnh mạnh mẽ, trực quan\r\nHonor X9b 5G có thiết lập ba camera ở mặt sau, gồm camera chính 108 MP với cảm biến kích thước lớn 1/1.67 inch, kết hợp camera macro 2 MP và siêu rộng 5 MP. Ứng dụng camera cung cấp các tính năng cần thiết như chế độ Ảnh và Video, cùng một số bổ sung thú vị như Chế độ ban đêm hay Chân dung…\r\n\r\nNgoài ra ứng dụng camera còn có nhiều chế độ khác như Pro, Slo-mo, Panorama, Timelapse, Super Macro, độ phân giải cao, Story và HDR. Ngoài ra, nó cũng rất tiện lợi cho việc quét tài liệu và lưu chúng dưới dạng PDF trên thiết bị.\r\n\r\nTrải nghiệm với việc chụp ảnh cho thấy Honor X9b 5G hoạt động tốt trong điều kiện đủ ánh sáng tự nhiên. Và quá trình xử lý của nó tạo ra những bức ảnh rất sống động và đảm bảo độ sắc nét. Chất lượng có thể bị giảm xuống khi ở điều kiện ánh sáng yếu, tuy nhiên điều đó có thể khắc phục với đèn flash.\r\n\r\nẢnh chụp selfie khá tốt, có thể chụp được nhiều chi tiết đẹp mắt và tạo hiệu ứng nền mờ hấp dẫn, thậm chí đánh giá cho thấy nó mang lại độ sâu và độ sắc nét cao hơn so với camera sau.', 'honor.jpg', '2023-11-11', 768, ''),
(10000019, 10000019, 'Ngược dòng hạ Medvedev, Sinner lần đầu vô địch Australian Open', 'Dường như áp lực chơi trận chung kết Grand Slam đầu tiên trong sự nghiệp khiến Sinner bắt nhịp không tốt với trận chung kết gặp Medvedev. Tay vợt người Italy không duy trì được phong độ ổn định như từng thể hiện trong 6 trận đấu đã qua. Medvedev thắng 6-3, 6-3 trong hai set đầu tiên. \r\n\r\nTuy nhiên, từ nửa cuối của set hai, Sinner bắt đầu vùng lên dù không thể cứu thua set hai, nhưng hạt giống số 4 đã để lại nền tảng để bứt phá trong set ba. Sinner liên tục dẫn trước đẩy Medvedev vào thế bám đuổi. Tay vợt người Nga phạm sai lầm để Sinner thắng 6-4 và nuôi hy vọng ngược dòng. \r\n\r\nViệc Sinner tìm lại phong độ, cộng thêm việc tiêu hao thể lực mạnh sau ba set khiến Medvedev dần hụt hơi. Medvedev thua tiếp set 3 với tỷ số 6-4 khi một lần nữa để mất break ở game thứ 10.\r\n\r\nỞ set quyết định, Sinner vẫn duy trì được thể lực ổn định, trong khi Medvedev xuống sức rất rõ ràng, hạt giống số 3 không còn thi đấu quyết liệt như những set đầu. Với break ở game thứ 6, Sinner đã tiến tới chiến thắng 6-3 và kết thúc trận chung kết sau 3 giờ 46 phút. \r\n\r\nSinner có danh hiệu vô địch Australian Open trong lần đầu tiên vào chung kết, còn Medvedev vẫn về nhì ở lần thứ ba vào chung kết Australian Open.\r\n\r\n', 'vodich.jpg', '2024-01-28', 4616, ''),
(10000020, 10000020, 'Trời nóng lạnh thất thường, nàng bổ sung món phụ kiện sau để bảo vệ sức khỏe', 'Miền Bắc đang bước vào những ngày rét \"ngọt\", lúc này, việc diện đồ ấm áp là điều cần thiết để bảo vệ cơ thể trước tiết trời giá lạnh. Vậy làm thế nào để lên đồ đủ ấm lại vừa gọn gàng, ưng mắt? Câu trả lời là nàng hãy sắm ngay những món phụ kiện sau.\r\n\r\nDù trời lạnh nhưng vẫn không thể ngăn cản hội chị em ngừng mặc đẹp trong những chiếc áo khoác dáng dài hay chân váy ngắn điệu đà. Lúc này, đôi quần tất mỏng nhẹ chính là \"vị cứu tinh\" hoàn hảo giúp nàng khoe trọn vóc dáng mà vẫn giữ ấm vừa đủ. Fashionista Marie Le Juez thể hiện phong cách Quiet Luxury khi kết hợp áo măng tô kẻ sọc với áo len cao cổ, tạo điểm nhấn bằng băng đô cài tóc kiểu Y2K, khuyên tai ngọc trai và đi giày \"mèo con\" kitten heel\r\n\r\nĐứng đầu trong danh sách những món phụ kiện phổ biến vào mùa lạnh, chắc chắn phải kể đến những chiếc khăn quàng. Món đồ này \"đắc sủng\" nhờ tính năng tiện lợi và chất liệu dày dặn, diện lên vừa ấm lại sang chảnh miễn bàn. Chưa hết, những kiểu khăn quàng màu trơn còn có \"tuổi thọ\" khá dài nên bạn có thể diện chúng từ năm này qua năm khác mà không lo lỗi mốt. Với một bộ đồ tối giản cùng chiếc khăn len quàng cổ, fashionista Chantal Alicia tự tin xuống phố mà chẳng ngại lạnh\r\n\r\nTrong số các loại giày dép vào mùa lạnh, bốt dáng dài đã vượt qua nhiều đối thủ \"nặng ký\" để giành \"ngôi vương\" bởi vẻ ngoài thời thượng, khả năng giữ ấm đỉnh cao và kết hợp tuyệt vời cùng nhiều loại đồ khác. Muốn toát lên dáng vẻ tiểu thư kiêu kỳ như nàng mẫu Jinjin, bạn hãy phối đồ theo phong cách preppy với ghi lê len, sơ mi trắng, chân váy ngắn, mũ nồi và một đôi bốt dáng dài\r\n\r\nSức hấp dẫn của những chiếc mũ lông không cần phải bàn cãi quá nhiều bởi chúng mang đến vẻ thời trang và vô cùng chất chơi. Chưa kể chúng còn che khuyết điểm trong những ngày tóc xấu cũng như tạo điểm nhấn cực tốt. Nếu là một cô nàng ưa thích mặc đẹp thì thời điểm này, mũ lông không thể vượt ra khỏi tầm ngắm của bạn. Kết hợp mũ lông trùm đầu với áo khoác \"to bự\", găng tay da và kính râm gọng oval là bạn dễ dàng chinh phục vẻ ngoài cá tính giống fashionista Amanda Engstrand\r\n\r\nVào những ngày lạnh \"cắt da cắt thịt\", mũ trùm đầu kèm khăn quàng được hội chị em ưu ái hết mực bởi chúng ấm áp lại vô cùng tiện lợi. Bạn có thể sử dụng món phụ kiện độc lạ này với nhiều món đồ thời trang khác nhau. Đối với Ro Jung Hwa, cô nàng phối mũ len xanh dương cùng áo khoác dạ khuy sừng, áo len họa tiết Bắc Âu, quần nỉ bông và bốt phao \"béo tròn\"\r\n\r\nTúi xách lông tuy không có nhiều giá trị về mặt bảo vệ sức khỏe như những món đồ kể trên nhưng lại là \"item\" biểu tượng cho mùa lạnh. Thiết kế này hợp xu hướng và thể hiện gu thời trang sành điệu của người mặc. Ulzzang Minju kết hợp áo lông xù với khăn quàng dày dặn, mặc quần nhung tăm và đi bốt thấp cổ\r\n\r\nNgoài đôi chân, vùng cổ, vùng đầu thì chị em cũng đừng quên việc giữ ấm cho đôi bàn tay. Những đôi găng tay len đơn giản nhưng có tác dụng tuyệt vời khiến nàng khó có thể bỏ qua. Ulzzang Wbee chọn bộ đồ màu trắng kem chủ đạo với áo khoác phao, quần nỉ và áo thun bó sát để xuống phố, cô không quên nhấn nhá thêm bằng đôi găng tay da lộn và ugg boots độn đế\r\n\r\nTất ống chân cũng là \"bảo bối\" chị em đừng bỏ qua khi hoàn thiện phong cách mùa lạnh. Đây là món phụ kiện mang \"hơi thở\" của xu hướng Y2K độc đáo và đầy phá cách được cô nàng Seo Yeon Soo yêu thích. Kiểu đồ lạ mắt này hợp nhất là phối cùng chân váy ngắn hoặc quần shorts để khoe đôi chân dài. Nếu ngại lạnh, bạn có thể bổ sung thêm một chiếc quần tất vải mặc kèm\r\n\r\nMột trong những chiêu diện đồ ấm áp và hiệu quả trong những ngày nóng lạnh thất thường là sử dụng găng tay, khăn quàng, đội mũ lông hay dùng bịt tai \"hot trend\". Các món phụ kiện mùa lạnh này ngoài tác dụng giữ ấm, còn mang tới nét chấm phá thú vị, giúp tổng thể bộ trang phục của người mặc trở nên có gu và sành điệu hơn. Muốn phong cách thời trang thăng hạng không hề khó, bạn chỉ cần nắm được những nguyên tắc phối hợp trang phục và phụ kiện kể trên từ hội fashionista, như vậy là đã có ngay những bộ đồ sang xịn không cần bàn cãi.', 'nonglanh.jpg', '2023-12-13', 1770, ''),
(10000021, 10000021, 'Nữ sinh lớp 10 được ô tô lạ đón đi, gia đình khẩn thiết nhờ giúp đỡ tìm con gái', 'Tối 22/2, Công an tỉnh Tuyên Quang cho biết vừa nhận được tin báo của ông Phạm Minh T. (SN 1982, ở huyện Yên Sơn) về việc cháu Phạm Thị Yến Nhi (SN 2008, là con gái của ông T., cùng trú tại địa chỉ trên), rời khỏi nhà từ 14h cùng ngày, tới nay chưa thấy trở về nhà.\r\n\r\nKhi đi, Nhi mặc áo trắng, chân váy đen, khoác balo học sinh và được một chiếc ô tô 5 chỗ tới đón.\r\n\r\nTheo gia đình ông T., trước khi đi, em Nhi để lại cho gia đình bức thư với nội dung thể hiện nhiều tiêu cực, bất ổn trong tâm lý.\r\n\r\nCông an tỉnh Tuyên Quang cho biết gia đình ông T. đang hết sức lo lắng, khẩn thiết cần sự hỗ trợ, giúp đỡ của cộng đồng để sớm tìm được con.\r\n\r\nMọi thông tin xin vui lòng liên hệ với gia đình qua số điện thoại: 0353.374.338, hoặc nhắn tin đến Fanpage Công an tỉnh Tuyên Quang.', 'timcon.jpg', '2024-02-19', 846, ''),
(10000022, 10000022, 'Công đoàn xác định đột phá trong việc thương lượng lương, thưởng', 'Sáng 2/12, Đại hội XIII Công đoàn Việt Nam chính thức khai mạc. Tổng Bí thư Nguyễn Phú Trọng tham dự và phát biểu tại đại hội.\r\n\r\nTham dự đại hội còn có các lãnh đạo Đảng, nhà nước; nguyên lãnh đạo Đảng, Nhà nước, khách quốc tế...\r\n\r\nTrình bày báo cáo của Ban Chấp hành Tổng Liên đoàn Lao động Việt Nam (khóa XII) trình Đại hội XIII Công đoàn Việt Nam, Chủ tịch Tổng Liên đoàn Lao động Việt Nam Nguyễn Đình Khang cho biết, nhiệm kỳ qua, trong bối cảnh có nhiều yếu tố tác động không thuận lợi, đặc biệt là ảnh hưởng tiêu cực, trực tiếp, kéo dài của dịch bệnh Covid - 19 đối với đoàn viên, người lao động và các cấp công đoàn, song hoạt động công đoàn tiếp tục có những bước chuyển quan trọng, nhất là trong việc thực hiện vai trò đại diện, chăm lo, bảo vệ quyền, lợi ích hợp pháp, chính đáng của đoàn viên, người lao động.\r\n\r\nTheo đó, các cấp công đoàn, nhất là Tổng Liên đoàn Lao động Việt Nam đã chủ động, tích cực đổi mới và nâng cao chất lượng tham gia xây dựng chính sách, pháp luật liên quan đến người lao động.\r\n\r\nTheo ông Khang, công tác phát triển đoàn viên, thành lập công đoàn cơ sở, xây dựng tổ chức công đoàn vững mạnh, tham gia xây dựng Đảng, Nhà nước và hệ thống chính trị đạt nhiều kết quả.\r\n\r\nTrong 5 năm qua, đã kết nạp hơn 4,4 triệu đoàn viên, thành lập hơn 24.000 công đoàn cơ sở. Triển khai nhiều giải pháp nâng cao chất lượng tổ chức công đoàn.\r\n\r\n\"Những kết quả toàn diện của hoạt động công đoàn và phong trào công nhân, viên chức, lao động cả nước nhiệm kỳ qua đã đóng góp quan trọng vào những thành tựu chung của đất nước, góp phần tăng cường sức mạnh của hệ thống chính trị và sự lớn mạnh của giai cấp công nhân, tô thắm thêm truyền thống vẻ vang của tổ chức Công đoàn Việt Nam\", ông Khang nhấn mạnh.\r\n\r\nVề mục tiêu, chỉ tiêu, phương hướng, nhiệm vụ, giải pháp nhiệm kỳ 2023-2028, ông Khang cho biết, dự thảo báo cáo của Ban Chấp hành Tổng Liên đoàn Lao động Việt Nam khóa XII trình Đại hội XIII Công đoàn Việt Nam xác định mục tiêu tổng quát nhiệm kỳ tới là đổi mới tổ chức và hoạt động công đoàn, xây dựng Công đoàn Việt Nam vững mạnh toàn diện.\r\n\r\nCông đoàn tập trung thực hiện tốt chức năng, nhiệm vụ, đáp ứng yêu cầu của tình hình mới, trọng tâm là đại diện, chăm lo, bảo vệ quyền, lợi ích hợp pháp, chính đáng của đoàn viên, người lao động, tích cực, chủ động tham gia quản lý nhà nước, quản lý kinh tế - xã hội.\r\n\r\nHoàn thiện mô hình tổ chức, thu hút, tập hợp đông đảo người lao động gia nhập công đoàn; xây dựng đội ngũ cán bộ công đoàn có trí tuệ, bản lĩnh, tâm huyết, trách nhiệm, uy tín và phương pháp công tác tốt...\r\n\r\nĐến cuối nhiệm kỳ, hướng đến kỷ niệm 100 năm Ngày thành lập, Công đoàn Việt Nam vững mạnh toàn diện, là chỗ dựa tin cậy của người lao động, là cơ sở chính trị - xã hội vững chắc của Đảng, Nhà nước ta.\r\n\r\nChủ tịch Tổng Liên đoàn Lao động Việt Nam cho biết, dự thảo xác định 3 khâu đột phá của nhiệm kỳ.\r\n\r\nMột là, đẩy mạnh đối thoại, thương lượng tập thể, trọng tâm là tiền lương, tiền thưởng, thời giờ làm việc, thời giờ nghỉ ngơi, an toàn vệ sinh lao động.\r\n\r\nHai là, tập trung phát triển đoàn viên, thành lập công đoàn cơ sở ở các doanh nghiệp ngoài khu vực nhà nước.\r\n\r\nBa là, xây dựng đội ngũ chủ tịch công đoàn cơ sở đáp ứng yêu cầu nhiệm vụ, nhất là chủ tịch công đoàn tại doanh nghiệp ngoài nhà nước.\r\n\r\nCùng với đó, dự thảo báo cáo xác định 10 nhóm chỉ tiêu phấn đấu gồm 7 chỉ tiêu hàng năm, 3 chỉ tiêu nhiệm kỳ; 8 nhóm nhiệm vụ giải pháp chủ yếu tập trung thực hiện.\r\n\r\nVề nhiệm vụ tập trung thực hiện tốt hơn nữa nhiệm vụ đại diện, chăm lo, bảo vệ quyền, lợi ích hợp pháp, chính đáng, theo Chủ tịch Tổng Liên đoàn Lao động Việt Nam, sẽ đầu tư nguồn lực, nâng cao chất lượng hoạt động tham gia xây dựng chính sách, pháp luật của tổ chức công đoàn.\r\n\r\nBên cạnh đó, phối hợp thực hiện và giám sát thực hiện quy chế dân chủ ở cơ sở, phát huy vai trò làm chủ của người lao động. Chú trọng tổ chức đối thoại, thương lượng tập thể.\r\n\r\n\"Mở rộng độ bao phủ gắn với nâng cao chất lượng thỏa ước lao động tập thể, trọng tâm là nâng cao tiền lương, thu nhập, cải thiện điều kiện làm việc, đảm bảo an toàn vệ sinh lao động\", ông Khang cho hay.\r\n\r\nĐể thực hiện hiệu quả các nhóm nhiệm vụ, giải pháp nêu trên, Ban Chấp hành Tổng Liên đoàn Lao động Việt Nam khóa XII đề xuất Đại hội XIII thảo luận, cho ý kiến đối với đề cương của 4 chương trình trọng tâm, 1 nghị quyết chuyên đề của nhiệm kỳ gồm: Nghị quyết về đẩy mạnh công tác phát triển đoàn viên, thành lập công đoàn cơ sở tại các doanh nghiệp ngoài khu vực nhà nước đến năm 2028, tầm nhìn đến năm 2033; Chương trình nâng cao hiệu quả hoạt động đối thoại, thương lượng tập thể giai đoạn 2023 - 2028; \r\n\r\nChương trình xây dựng đội ngũ chủ tịch công đoàn cơ sở đáp ứng yêu cầu nhiệm vụ, nhất là chủ tịch công đoàn doanh nghiệp ngoài khu vực nhà nước; Chương trình đẩy mạnh công tác truyền thông Công đoàn Việt Nam giai đoạn 2023-2028. Chương trình chuyển đổi số toàn diện trong hoạt động công đoàn.', 'congdoan.jpg', '2023-12-02', 5896, ''),
(10000023, 10000023, 'Trò chơi bom tấn Elden Ring đã bán được bao nhiêu bản?', 'Elden Ring đã vượt mặt Dark Souls 3 về doanh số bán trò chơi.\r\n\r\nTheo Gadget360, FromSoftware vừa xác nhận tựa game nhập vai hành động giả tưởng Elden Ring đã bán được hơn 23 triệu bản kể từ khi phát hành vào năm 2022, trở thành tựa game bán chạy nhất của hãng tính đến thời điểm hiện tại.\r\n\r\nCon số này được tiết lộ ngay sau khi đoạn trailer về gameplay và ngày phát hành của bản mở rộng đầu tiên \'Shadow of the Erdtree\' được công bố. Cách đây đúng một năm, Bandai Namco từng thông báo rằng Elden Ring đã bán được 20 triệu bản trên toàn thế giới.\r\n\r\nTheo Bandai Namco, doanh số bán hàng của Elden Ring gồm cả phiên bản vật lý và bản kỹ thuật số trên tất cả các nền tảng, bao gồm cả PC thông qua nền tảng Steam. Tựa game nhập vai này đã dễ dàng vượt qua Dark Souls 3 (phát hành năm 2016) trở thành game bán chạy nhất của FromSoftware. Thực tế, Elden Ring đang tiến gần hơn đến tổng doanh số bán hàng của toàn bộ series Dark Souls, vốn đã xuất xưởng hơn 27 triệu bản.\r\n\r\nCon số bán ra 23 triệu bản này dự kiến sẽ tăng trong năm nay với sự ra mắt của Elden Ring: Shadow of the Erdtree, bản mở rộng cốt truyện chính thức đầu tiên cho trò chơi gốc, sắp phát hành vào ngày 21.6 sắp tới. Đoạn trailer dài 3 phút về bản mở rộng giới thiệu một bối cảnh mới, kẻ thù và trùm mới, đồng thời cung cấp nhiều gợi ý cho người hâm mộ khám phá.\r\n\r\nElden Ring ra mắt vào ngày 25.2.2022 trên PC, PlayStation 4, PlayStation 5, Xbox One, Xbox Series S/X và sau đó đã giành được giải Trò chơi của năm (Game of The Year) tại sự kiện The Game Awards 2022.', 'eldenring.jpg', '2024-03-04', 658, ''),
(10000024, 10000024, 'Lương bác sĩ chỉ bằng cử nhân học 4 năm, phụ cấp trực vỏn vẹn 25.000 đồng', 'Tham luận tại Đại hội XIII Công đoàn Việt Nam, PGS.TS Phạm Thanh Bình, Chủ tịch Công đoàn Y tế Việt Nam cho biết, ngành y tế là đoàn viên đặc biệt, vì 500.000 đoàn viên cả nước nhưng liên quan đến tính mạng của 100 triệu dân.\r\n\r\nBà Bình nêu, nhân lực ngành y có trình độ và chất lượng lao động cao. Để có chứng chỉ hành nghề và được đi làm tại các cơ sở y tế, một bác sĩ phải mất 7,5 năm, trong khi cử nhân chỉ học 4 năm.\r\n\r\nTuy nhiên, khi ra trường, tiền lương ngạch, bậc, các chế độ phụ cấp hưởng như nhau.\r\n\r\nVì vậy, Chủ tịch Công đoàn Y tế đề nghị Chính phủ trình Quốc hội xem xét điều chỉnh việc xếp lương khởi điểm đối với bác sĩ, bác sĩ y học dự phòng sau khi tuyển dụng được xếp lương bậc 2 đối với tất cả các hạng chức danh.\r\n\r\nBên cạnh đó, cần có cơ chế chi lương phù hợp, áp dụng cơ chế tiền lương doanh nghiệp đối với đơn vị sự nghiệp công tự bảo đảm chi thường xuyên và chi đầu tư (nhóm 1) và đơn vị sự nghiệp công tư bảo đảm chi thường xuyên (nhóm 2).\r\n\r\nBên cạnh tiền lương, bà Bình cho rằng, phụ cấp trực, phụ cấp ưu đãi nghề, thâm niên nghề cần được tính vào lương mới để đảm bảo các chế độ đặc thù ngành y tế được đãi ngộ đặc biệt theo Nghị quyết 20 và Nghị quyết 46 của Bộ Chính trị.\r\n\r\nTrao đổi về mức phụ cấp trực, Chủ tịch công đoàn ngành cho biết, hiện nay, mức phụ cấp của công chức, viên chức, người lao động trong các cơ sở y tế công lập quá thấp và không còn phù hợp.\r\n\r\nCụ thể, phụ cấp trực ngày thường được hưởng chỉ 18.750 đồng/ngày (16/24h); 25.000 đồng/ngày (trực 24/24) theo mức lương cơ sở áp dụng khi xây dựng năm 2011 chỉ 830.000 đồng.\r\n\r\nVị này đề nghị Chính phủ xem xét sửa đổi Quyết định số 73/2011/QĐ-TTg điều chỉnh nâng mức phụ cấp trực có mức chi phụ cấp tương ứng theo Nghị định số 24/2023/NĐ-CP ngày 14/5/2023 của Chính phủ quy định mức lương cơ sở đối với cán bộ, công chức, viên chức phù hợp với mức lương tối thiểu mới từ 1/7/2023 là 1.800.000 đồng.\r\n\r\nVề phụ cấp ưu đãi nghề, bà Bình cho hay, Chính phủ vừa ban hành Nghị định số 05/2023/NĐ-CP ngày 15/02/2023 sửa đổi, bổ sung một số điều của Nghị định số 56/2011/NĐ-CP ngày 4 tháng 7 năm 2011 của Chính phủ quy định chế độ phụ cấp ưu đãi theo nghề đối với công chức, viên chức công tác tại các cơ sở y tế công lập.\r\n\r\nTrong đó, mức phụ cấp 100% áp dụng đối với viên chức thường xuyên, trực tiếp làm chuyên môn y tế dự phòng.\r\n\r\nTuy nhiên, hiệu lực của nghị định chỉ được áp dụng từ ngày 1/1/2022 đến hết ngày 31/12/2023. Vì vậy, Chủ tịch công đoàn ngành đề nghị Chính phủ xem xét kéo dài thời hạn nghị định và mở rộng đối với đối tượng y tế cơ sở hưởng phụ cấp.\r\n\r\nCác chế độ phụ cấp trực và ưu đãi nghề, thâm niên nghề cần được quy đổi để tính vào mức lương mới sẽ áp dụng từ 1/7/2024 đối với ngành y tế.\r\n\r\nMặt khác, đối với các lĩnh vực, chuyên khoa đặc biệt trong ngành Y như Phong, Lao, Tâm thần, HIV/AIDS, Hồi sức cấp cứu, Giải phẫu bệnh... là những công việc có yếu tố nguy hiểm, cần tập trung cao độ tâm sức, trí tuệ của cán bộ y tế.\r\n\r\nTuy nhiên, hiện nay chưa có cơ chế phù hợp trong thu hút đào tạo, sử dụng và đãi ngộ lực lượng lao động này.\r\n\r\nMột số lĩnh vực, chuyên khoa đặc biệt trên sắp trở thành chuyên ngành không có nhân lực chất lượng cao. Vì vậy, bà Bình đề nghị Đảng, Nhà nước có chính sách đặc biệt hấp dẫn để thu hút nhân lực trong các lĩnh vực, chuyên khoa này.\r\n\r\nNgoài ra, đơn vị này còn đề nghị Đảng, Nhà nước xem xét quy định giảm biên chế hằng năm đối với ngành y tế. Nếu giảm biên chế hàng năm như các ngành khác, thì chắc chắn nhân lực ngành y tế không thể đáp ứng chất lượng khám, chữa bệnh. Như vậy, chất lượng đã không đảm bảo như hiện nay sẽ còn tiếp tục giảm sút.', 'luongbacsi.jpg', '2023-12-03', 832, ''),
(10000025, 10000025, 'FPT Long Châu nối dài hành trình \"Long Châu sẻ chia\" mùa Tết 2024', 'Với tầm nhìn phát triển bền vững như hiện nay, giá trị doanh nghiệp mang đến cộng đồng qua các hoạt động trách nhiệm xã hội (CSR - Corporate Social Responsibility) đôi khi không cần xuất phát từ những khía cạnh quá lớn hay vĩ mô, mà được khơi nguồn từ việc hỗ trợ những nhu cầu cơ bản nhất của con người.\r\n\r\nFPT Long Châu là một trong những doanh nghiệp không nằm ngoài cuộc khi liên tục khẳng định trách nhiệm xã hội qua những hoạt động thiện nguyện, mang đến giá trị tích cực đến cộng đồng, xuất phát từ nhu cầu cơ bản về chăm sóc sức khỏe.\r\n\r\n\"Long Châu sẻ chia\" để Tết trọn yêu thương\r\n\r\nTrong dịp Tết này, FPT Long Châu tiếp tục đóng góp vào hành trình lan tỏa tình yêu thương với chuỗi hoạt động thiện nguyện góp phần mang tết đến với nhiều đối tượng cần được hỗ trợ trong cuộc sống.\r\n\r\nBắt đầu từ việc trao tặng 1.650 phần quà đến công nhân vệ sinh - những người đang miệt mài, thầm lặng cống hiến, hành trình 11 chuyến xe thiện nguyện của Long Châu đã lăn bánh đến 9 tỉnh thành phố trong dịp cận Tết này.\r\n\r\nĐồng thời, Long Châu phối hợp cùng đối tác để thực hiện tầm soát bệnh lý về gan, tuyến vú tại TPHCM và tầm soát các bệnh lý mãn tính tại Hà Nội. Đơn vị cũng tích cực thực hiện các buổi thăm khám và tặng quà tại viện dưỡng lão và trẻ em vùng cao với mong muốn mang đến một mùa Tết trọn vẹn, khỏe mạnh.\r\n\r\nVới Long Châu, một cái tết đong đầy yêu thương được làm nên từ sự sẻ chia những giá trị tốt đẹp đến cộng đồng, san sẻ nỗi vất vả của các mảnh đời, những hoàn cảnh khó khăn trong mùa tết cận kề này.\r\n\r\nSứ mệnh chăm sóc sức khỏe người dân\r\n\r\nNhững hoạt động thiện nguyện trong mùa tết này của FPT Long Châu là một phần trong chương trình vì cộng đồng \"Long Châu sẻ chia\" gắn liền với sứ mệnh chăm sóc sức khỏe, được FPT Long Châu xây dựng và phát triển từ năm 2021.\r\n\r\nChương trình khởi động ngay trong thời điểm dịch bệnh Covid-19 và đã dành tặng miễn phí gần 2 triệu ngày thuốc, hàng trăm tấn gạo và thuốc điều trị Covid-19 cho người dân có hoàn cảnh khó khăn.\r\n\r\nPhát triển doanh nghiệp cần đi đôi với trách nhiệm xã hội nên năm 2024 này, chuỗi nhà thuốc tiếp tục hướng về cộng đồng, theo đuổi kế hoạch thiện nguyện dài hơi để hỗ trợ nhiều hơn những hoàn cảnh khó khăn.\r\n\r\nTheo đó, chuỗi nhà thuốc tiếp tục trao tặng 2 triệu ngày thuốc miễn phí, tổ chức 600 chương trình khám, tư vấn sức khỏe cộng đồng, 120 chương trình khám bệnh lưu động và tổ chức miễn phí tầm soát bệnh mãn tính, ung thư, bệnh phổ biến nhằm nâng cao kiến thức phòng bệnh cho người dân và hơn 50 chương trình kết hợp với các trường đại học cao đẳng chuyên môn về y dược để phát thuốc, khám bệnh miễn phí ở những vùng sâu, vùng xa xuyên suốt cả nước.\r\n\r\nBà Phan Thanh Uyên, Giám đốc marketing FPT Long Châu, bày tỏ: \"Long Châu sẻ chia là dự án tâm huyết của toàn thể đội ngũ, chúng tôi rất may mắn khi có các đồng đội cùng chung một mục tiêu hành động để hỗ trợ cộng đồng từ những việc làm nhỏ nhất. Chúng tôi luôn đặt chữ \'Tâm\' làm kim chỉ nam trong mọi hoạt động từ kinh doanh đến các công tác thiện nguyện. Hy vọng rằng \'Long Châu sẻ chia\' sẽ luôn được đón nhận và mở rộng để chúng tôi có thể thực hiện nhiều hơn những chương trình cho nhiều đối tượng khác nhau trong xã hội: từ trẻ em, phụ nữ mang thai đến người lớn tuổi, người có hoàn cảnh khó khăn, yếu thế mắc bệnh mãn tính, bệnh hiểm nghèo\".\r\n\r\n\"Long Châu sẻ chia\" là hoạt động thiện nguyện xã hội được chuỗi nhà thuốc FPT Long Châu khởi động từ tháng 4/2021 với sứ mệnh gửi trao giá trị tốt đẹp đến cộng đồng và san sẻ gánh nặng với những hoàn cảnh khó khăn, yếu thế.\r\n\r\nChương trình được xây dựng nên bởi chuỗi những hoạt đồng dài hạn thiết thực ấm áp tình sẻ chia như trao tận tay người dân những ngày thuốc và gạo miễn phí, tổ chức các buổi miễn phí tư vấn và khám chữa bệnh cộng động, tạo nên sự tác động tích cực trong xã hội từ khía cạnh chăm sóc sức khỏe.', 'longchau.jpg', '2024-01-15', 3463, ''),
(10000026, 10000026, 'Đội tuyển Việt Nam và con số báo động về \"cơn ác mộng\" VAR', 'Kể từ vòng knock-out Asian Cup 2019, công nghệ video hỗ trợ trọng tài (VAR) bắt đầu được áp dụng ở châu Á. Đội tuyển Việt Nam cũng làm quen với công nghệ này. Tuy nhiên, việc thi đấu trong điều kiện có VAR thực sự là ác mộng với đội tuyển Việt Nam.\r\n\r\nCụ thể, theo thống kê từ trang ASEAN Football, đội tuyển Việt Nam chỉ thắng đúng 1/14 trận đấu được áp dụng VAR. Đó là thắng lợi trước đội tuyển Trung Quốc ở vòng loại thứ ba World Cup 2022. Còn lại, chúng ta hòa 1 trận (Nhật Bản) và thua tới 12 trận.\r\n\r\nChưa dừng lại ở đó, thống kê cho thấy trong 14 trận thi đấu dưới điều kiện có VAR, đội tuyển Việt Nam chịu tới 7 quả phạt đền. Mới nhất, trong trận đấu với Indonesia, Thanh Bình đã phạm lỗi với đối thủ trong vòng cấm, khiến đội nhà chịu quả phạt đền.\r\n\r\nTính trung bình, cứ hai trận đấu, đội tuyển Việt Nam nhận một quả phạt đền. Trong đó, có không ít quả phạt đền \"vô duyên\" như của Thanh Bình vừa qua. Đáng tiếc khi 6/7 quả phạt đền có tính chất định đoạt trận đấu. Trong tất cả các trận đấu bị thổi phạt đền vì VAR, \"Rồng vàng\" đều hứng chịu thất bại.\r\n\r\nBên cạnh đó, đội tuyển Việt Nam cũng phải nhận ba thẻ đỏ trong 14 trận đấu này. Chỉ tính riêng Asian Cup 2023, đoàn quân của HLV Troussier đã nhận tới hai thẻ đỏ.\r\n\r\nGiải thích việc đội tuyển Việt Nam thường chịu hậu quả khi trận đấu có VAR, cựu Phó Chủ tịch chuyên môn, cựu Trưởng ban trọng tài VFF Dương Vũ Lâm cho biết: \"Đầu tiên, việc này xuất phát từ khoảng cách chuyên môn giữa chúng ta với các đội bóng có trình độ quốc tế. Chuyên môn kém so với đối thủ khiến các cầu thủ dễ mất bình tĩnh.\r\n\r\nTôi lấy ví dụ như khi bị dẫn trước, trong thế không còn gì để mất ở trận gặp Iraq, có cảm giác rằng đội tuyển Việt Nam chơi tự tin hơn khi chúng ta đã gỡ 2-2. Nhưng sau khi gỡ hòa, toàn đội dường như để lộ tâm lý sợ thua, sợ không bảo toàn được tỷ số hòa.\r\n\r\nThứ hai, việc bị phạt nhiều lỗi nặng và bị phạt nhiều thẻ đỏ, cũng như phải chịu nhiều quả phạt đền đến từ thói quen của các cầu thủ ở giải trong nước.\r\n\r\nMột ví dụ khác về tình huống kéo áo đối phương của Thanh Bình trong trận đấu với Indonesia, chúng ta xem bóng đá quốc tế hiếm khi thấy tình huống kéo áo đối thủ kéo dài và lộ liễu như vậy, lại xảy ra trong khu vực 16m50.\r\n\r\nĐây là thói quen thôi, nhưng nếu tình huống này xảy ra ở giải V-League, có khi các trọng tài không xử lý lỗi. Hoặc khi trọng tài xử lý lỗi của cầu thủ, các đội phản ứng dữ dội ngay, vì chính họ cũng không cho rằng họ đã phạm lỗi.\r\n\r\nTiếp theo là pha tranh bóng dẫn đến thẻ đỏ của Khuất Văn Khang trong trận đấu Iraq. Theo tôi, cậu ấy không ác ý, nhưng vào bóng như thế thì thẻ đỏ là khó tránh khỏi. Dù vậy, đặt trường hợp tình huống này xảy ra ở giải trong nước, chưa chắc trọng tài ở V-League xử lý dứt khoát như trọng tài quốc tế\".', 'var.jpg', '2024-01-29', 1212, ''),
(10000027, 10000027, 'Bác sĩ 24/7: Sốt, ho thế nào thì cần đến bệnh viện điều trị?', 'Con trai tôi 10 tuổi đang bị sốt, ho. Xin hỏi bác sĩ cách điều trị bệnh tại nhà như thế nào? Biểu hiện nghiêm trọng nào thì cần tới bệnh viện? Bác sĩ chỉ giúp cách phòng tránh bệnh này! (N.Điệp, TP.HCM).\r\nThạc sĩ - bác sĩ Ngô Thị Mai Phương, Phòng khám Nhi - Tiêm ngừa, Bệnh viện Đại học Y Dược TP.HCM, giải đáp: Vấn đề bé bị sốt, ho thực sự có rất nhiều nguyên nhân. Với trường hợp sốt cấp tính thì hơn 90% nguyên nhân là do nhiễm trùng, có thể do tác nhân vi khuẩn, siêu vi, nấm hay ký sinh trùng. Ô nhiễm gây sốt kèm ho cấp tính thường gặp có thể do viêm đường hô hấp trên như viêm họng, viêm mũi, viêm xoang, viêm thanh quản; do viêm đường hô hấp dưới như viêm phế quản, viêm phổi, viêm tiểu phế quản ở trẻ nhỏ hơn 2 tuổi… Tác nhân thường gặp nhất trong những bệnh lý này là siêu vi, tuy nhiên, cũng có thể do vi khuẩn trong một số trường hợp.\r\n\r\nNếu bé tươi tỉnh, ăn uống sinh hoạt bình thường, chỉ sốt nhẹ và ho ít, tổng trạng tốt thì có thể uống hạ sốt khi sốt làm bé khó chịu, uống nhiều nước, nên uống nước ấm, ăn thức ăn dễ tiêu, nhiều rau xanh và trái cây để tăng sức đề kháng; giữ ấm cơ thể, đặc biệt vào thời điểm giao mùa, thời tiết trở nên lạnh hơn. Không được tự ý dùng các thuốc ức chế ho trung ương, kháng sinh hay kháng histamin.\r\n\r\nCần khám bác sĩ ngay khi bé sốt cao liên tục khó hạ, lừ đừ, lơ mơ, co giật, tím tái, thở mệt, thở nhanh, sốt hay ho kéo dài, ói nhiều hay bất cứ triệu chứng nào khác mà người nhà thấy không bình thường.\r\n\r\nĐể phòng tránh các bệnh lý hô hấp thường gặp, đặc biệt khi thời tiết thay đổi, cần nâng cao sức đề kháng bằng cách ăn đầy đủ chất, đặc biệt rau quả, uống đủ nước, vận động cơ thể hợp lý, giữ ấm cơ thể, ngủ đủ giấc, tránh căng thẳng, vệ sinh thân thể tốt, vệ sinh môi trường sống sạch và chích ngừa đầy đủ.', '247suckhoe.jpg', '2023-12-12', 32, ''),
(10000028, 10000028, 'Cần tập thể dục bao lâu một ngày để giảm cholesterol trong máu?', 'Tất cả chúng ta đều biết rằng tập thể dục là điều cần thiết cho sức khỏe thể chất và tinh thần. Với những người có nồng độ cholesterol cao, tập thể dục càng đóng vai trò quan trọng hơn. Tập luyện với cường độ và thời lượng hợp lý sẽ giúp giảm cholesterol cực kỳ hiệu quả.\r\nPhần lớn cholesterol được tạo ra từ gan, phần còn lại là từ một số cơ quan khác trong cơ thể và thực phẩm. Cholesterol đóng vai trò quan trọng với hoạt động thần kinh, quá trình tổng hợp một số loại hoóc môn và nhiều chức năng quan trọng khác, theo chuyên trang sức khỏe Medical News Today (Anh).\r\n\r\nĐể tránh nồng độ cholesterol trong máu cao, mọi người nên hạn chế ăn cholesterol trong chế độ dinh dưỡng hằng ngày. Thế nhưng, điều này không phải lúc nào cũng dễ dàng.\r\n\r\nCó mức cholesterol tốt HDL trong máu cao có thể giúp ngăn ngừa bệnh tim mạch và đột quỵ. Trong khi đó, có mức cholesterol xấu LDL cao có thể làm tăng nguy cơ mắc những căn bệnh nguy hiểm này.\r\n\r\nMột người có nồng độ cholesterol trong máu cao khi tổng mức cholesterol vượt quá 200 mg/dL. Hiệp hội Tim mạch Mỹ khuyến cáo những người trưởng thành có hàm lượng cholesterol cao được khuyến khích tập thể dục nhịp điệu cường độ vừa phải từ 150 phút/tuần trở lên. Đây được xem là một phương pháp hiệu quả để giảm cholesterol.\r\n\r\nMọi người không nên dồn sức tập hết 150 phút chỉ trong 1 hoặc 2 ngày. Thay vào đó, tổng thời lượng 150 phút tập luyện nên được chia đều ra trong 4 - 5 ngày, mỗi ngày tập từ 30 - 40 phút. Các bài tập phù hợp là đi bộ, đạp xe, chạy bộ hay bơi lội.', 'taptheduc.jpg', '2023-12-11', 753, ''),
(10000029, 10000029, 'Địch Lệ Nhiệt Ba bị chê diễn xuất kém, nhiều người cho rằng đã qua giai đoạn thăng hoa của sự nghiệp?', 'Mới đây, tại sự kiện Tinh quang đại thưởng 2023 do kênh Tencent (Trung Quốc) tổ chức, Địch Lệ Nhiệt Ba đã được vinh danh ở hai hạng mục là Ngôi sao có giá trị thương mại cao nhất năm và Ngôi sao VIP của năm. Tuy nhiên, giải thưởng của người đẹp thế hệ 9X lại khiến công chúng xôn xao bàn tán. \r\n\r\nMột số ý kiến cho rằng, cái tên Địch Lệ Nhiệt Ba hiện rất \"hot\", điều này được chứng minh bởi những lần xuất hiện của cô tại các sự kiện, tần suất hiện diện trên mạng xã hội hay truyền thông Trung Quốc.\r\n\r\nSong, một số ý kiến cho rằng, \"mỹ nhân Tân Cương\" dường như đang nhận sự ưu ái lớn từ công chúng dù tài năng chưa thực sự nổi bật. Trang Sina nhận định, sự nghiệp của Địch Lệ Nhiệt Ba đang có dấu hiệu chững lại trong vòng 2 năm trở lại đây.\r\n\r\nNăm 2022, người đẹp bất ngờ tạm dừng hoạt động nghệ thuật trong 7 tháng. Giải thích lý do vắng mặt, Địch Lệ Nhiệt Ba cho biết, cô cảm thấy mệt mỏi, kiệt sức vì làm việc không nghỉ trong thời gian dài. Người đẹp cũng muốn nhìn lại chính mình, lựa chọn hướng đi mới trong tương lai. \r\n\r\nCô trở lại làng giải trí Trung Quốc vào tháng 4 vừa rồi. Tuy nhiên, 2 tác phẩm truyền hình mới nhất của cô là Công tố tinh anh và An Lạc truyện đều không đạt thành tích cao như kỳ vọng. Diễn xuất của Địch Lệ Nhiệt Ba thực sự chưa thể làm khán giả, giới chuyên môn hài lòng. \r\n\r\nĐịch Lệ Nhiệt Ba (SN 1992) ghi ấn tượng đặc biệt sau khi tham gia các bộ phim nổi tiếng như Cổ kiếm kỳ đàm, Tam sinh tam thế: Thập lý đào hoa... Đặc biệt, vai Bạch Phượng Cửu ở Tam sinh tam thế: Thập lý đào hoa đã giúp cô trở thành diễn viên trẻ triển vọng và được yêu mến tại châu Á.\r\n\r\nNhan sắc hoàn hảo là một lợi thế với Địch Lệ Nhiệt Ba. Vì vậy, ngoài sự nghiệp diễn xuất, người đẹp còn là gương mặt quen thuộc trên các ấn phẩm thời trang và các sự kiện của làng giải trí Trung Quốc hiện tại.\r\n\r\nCô luôn có tên trong danh sách những mỹ nhân hàng đầu của làng giải trí Hoa ngữ và là thần tượng được cộng đồng mạng quan tâm nhất hiện nay tại Trung Quốc. Tuy nhiên, trái với danh tiếng, sự mến mộ của khán giả hay nhan sắc ngày một thăng hạng, sự nghiệp diễn xuất của Địch Lệ Nhiệt Ba lại luôn gây tranh cãi. \r\n\r\nGóp mặt trong gần 30 dự án truyền hình nhưng Địch Lệ Nhiệt Ba vẫn bị xếp vào nhóm \"bình hoa di động\" trên màn ảnh. Uông Hải Lâm (biên kịch gia nổi tiếng và Phó chủ tịch Hiệp hội Văn học Điện ảnh Trung Quốc) từng bày tỏ quan điểm: \"Tôi sẽ không hợp tác với những diễn viên như Địch Lệ Nhiệt Ba trong suốt quãng đời còn lại của mình. Điều này chẳng phải tôi kiêu ngạo mà nguyên nhân là vì những nghệ sĩ này không quan tâm đến kịch bản chất lượng. Cái họ cần là các giải thưởng, làm sao để tăng lưu lượng người xem\".\r\n\r\nNăm 2018, mỹ nhân 9X từng được tôn vinh là Nữ diễn viên xuất sắc tại lễ trao giải lớn Kim Ưng. Tuy nhiên, với diễn xuất tệ hại trong phim Lý Huệ Trân xinh đẹp, Địch Lệ Nhiệt Ba bị đánh giá không xứng với danh hiệu và vướng nghi vấn mua giải. Vụ việc khiến danh tiếng của cô bị tổn hại, khán giả tẩy chay và các nhà sản xuất dè chừng khi cộng tác. \r\n\r\nTừ năm 2019 đến nay, Địch Lệ Nhiệt Ba không còn được xướng tên tại các giải thưởng truyền hình thực thụ. Khán giả và truyền thông Trung Quốc nhận định, danh tiếng của \"mỹ nhân Tân Cương\" đến từ ngoại hình nổi bật. Cô phù hợp với vai trò một \"nữ hoàng thảm đỏ\" thay vì là một diễn viên điện ảnh thực lực. \r\n\r\nTheo QQ, Địch Lệ Nhiệt Ba đang bước trên con đường cũ của đàn chị Dương Mịch và Angelababy. Cả 3 đều có điểm chung là sở hữu vẻ ngoài nổi bật, cuộc sống đời tư nhiều ồn ào và năng lực diễn xuất gây tranh cãi. \r\n\r\nHiện, Angelababy phải chịu lệnh phong sát ngầm vì vướng nghi vấn tới hộp đêm thoát y ở Pháp hồi tháng 9. Tuy nhiên, trước khi dính scandal, sự nghiệp diễn xuất của cô cũng hạn chế. Người đẹp chỉ được đóng những vai phụ hoặc tham gia các phim chiếu mạng. \r\n\r\nDương Mịch cũng không có nhiều vai diễn đặc sắc trong những năm gần đây bởi cô vẫn chỉ trung thành với những bộ phim ngôn tình hoặc các phim cổ trang dù tuổi đời không còn trẻ. \r\n\r\nSau khi rời Gia Hành, Dương Mịch cũng đang cố gắng tìm hướng đi mới trong sự nghiệp diễn xuất. Cô từ bỏ việc trở thành biểu tượng giải trí, từ chối nhiều lời mời quay chương trình truyền hình thực tế để mời giáo viên về dạy diễn xuất. \r\n\r\nVới Địch Lệ Nhiệt Ba, thời trang và quảng cáo mới là lĩnh vực giúp cô nổi tiếng và trở thành ngôi sao. Người đẹp sinh năm 1992 đang là gương mặt đại diện cho nhiều thương hiệu, xuất hiện nhiều trên các ấn phẩm thời trang trong nước và quốc tế.\r\n\r\nNăm 2023, cô được tạp chí Business of Fashion lựa chọn là một trong 100 biểu tượng thời trang trong năm và là ngôi sao Trung Quốc duy nhất có mặt trong danh sách. \r\n\r\nGần đây, Địch Lệ Nhiệt Ba lấn sân sang các chương trình giải trí. Cô tham gia chương trình Hoa tỷ đệ và thử sức với vai trò làm đạo diễn.\r\n\r\nTuy nhiên, theo ý kiến chuyên môn, việc là một ngôi sao quảng cáo hay xuất hiện dày đặc trong các chương trình truyền hình thực tế có thể duy trì vị trí ngôi sao của Địch Lệ Nhiệt Ba nhưng khó giúp cô trở thành một diễn viên thực thụ, được giới chuyên môn công nhận. \r\n\r\nNgoài ra, \"mỹ nhân Tân Cương\" đã bước qua tuổi 30 nên việc theo đuổi hình tượng ngọt ngào, hay tận dụng ngoại hình xinh đẹp để gây ấn tượng sẽ không mang lại giá trị lâu dài. \r\n\r\nVẻ ngoài xinh đẹp khó có thể cứu vớt khả năng diễn xuất của Địch Lệ Nhiệt Ba nếu cô chỉ \"quanh quẩn\" với các vai diễn trong phim ngôn tình, không chịu trau dồi diễn xuất và thử sức ở những dạng vai mới.\r\n\r\nBên cạnh đó, sự cạnh tranh từ lứa đàn em trẻ trung hơn cũng có nguy cơ làm lung lay vị thế của Địch Lệ Nhiệt Ba trong làng giải trí. Do vậy, ở tuổi ngoài 30, diễn xuất và những bộ phim có chất lượng mới là lựa chọn thích hợp, dài lâu với người đẹp Tân Cương. \r\n\r\n', 'dichlenhietba.jpg', '2024-02-04', 834, ''),
(10000030, 10000030, 'Đá khô là gì? Sử dụng không đúng cách có thể gây nôn mửa, khạc ra máu, nguy kịch sau khi uống?', 'người đã phải nhập viện vì nôn ra máu, trong đó có 2 người nguy kịch sau khi uống phải đá khô trong một nhà hàng ở Ấn Độ.\r\nSự cố đáng tiếc này xảy ra tại một nhà hàng ở Gurgaon của Delhi NCR (Ấn Độ), sau khi các nạn nhân sử dụng chất làm mát miệng do nhà hàng cung cấp. Chất này đã được bác sĩ xác nhận là đá khô, theo tờ Times Of India.\r\n\r\n\r\nTheo video được anh Ankit Kumar - một trong số các nạn nhân, chia sẻ, có thể thấy mọi người đang la hét và khóc lóc trong đau đớn. Họ được cho uống nước súc miệng tại nhà hàng và sau đó, họ cảm thấy nóng rát trong miệng. Trong video là cảnh một người phụ nữ đang cho đá viên vào miệng, trong khi một người đàn ông khác nôn mửa trên sàn nhà hàng.\r\n\r\nAnh Ankit Kumar nói: Chúng tôi không biết họ đã trộn gì vào chất làm thơm miệng. Mọi người đều nôn mửa và bị vết đứt trên lưỡi. Miệng bỏng rát. Không biết họ đã cho chúng tôi loại axit gì.\r\n\r\nRửa sạch bằng nước cũng không giúp được gì. Họ nói rằng những gói nước súc miệng đó là đá khô.\r\n\r\nĐá khô là gì?\r\nĐá khô là CO2 rắn ở nhiệt độ khoảng -78,5°C. Nó được hình thành bằng cách nén và làm lạnh khí CO2 cho đến khi đạt đến trạng thái rắn mà không qua pha lỏng.\r\n\r\nKhi tiếp xúc với nhiệt độ ấm hơn, đá khô chuyển trực tiếp từ dạng rắn sang dạng khí, giải phóng CO2, gọi là quá trình thăng hoa.\r\n\r\nĐá khô thường được sử dụng làm chất làm mát trong nhiều ứng dụng khác nhau, như bảo quản các mặt hàng dễ hỏng trong quá trình vận chuyển, tạo hiệu ứng đặc biệt trong ngành giải trí và tiến hành các thí nghiệm trong phòng thí nghiệm do nhiệt độ cực lạnh.\r\n\r\nĐá khô có gây hại cho sức khỏe?\r\nĐá khô có thể gây hại cho sức khỏe nếu xử lý không đúng cách hoặc ở nơi thông gió kém. Tiếp xúc trực tiếp với đá khô có thể gây tê cóng hoặc bỏng lạnh do nhiệt độ cực thấp -78,5°C.\r\n\r\nNgoài ra, khi đá khô thăng hoa, nó giải phóng khí CO2, có thể chiếm chỗ oxy trong không gian thông gió kém, dẫn đến ngạt thở trong những trường hợp nghiêm trọng.\r\n\r\nCần phải xử lý đá khô một cách thận trọng, đeo găng tay bảo hộ và đảm bảo thông gió đầy đủ khi sử dụng để tránh bị thương hoặc ảnh hưởng xấu đến sức khỏe.\r\n\r\nĐiều gì xảy ra nếu vô tình uống phải đá khô?\r\nTiêu thụ đá khô có thể cực kỳ nguy hiểm và có khả năng gây tử vong. Đá khô là CO2 rắn và khi ăn vào có thể gây thương tích nghiêm trọng bên trong.\r\n\r\nKhi tiếp xúc với độ ẩm trong miệng hoặc đường tiêu hóa, đá khô nhanh chóng thăng hoa, giải phóng lượng lớn khí CO2. Từ đó có thể dẫn đến tích tụ khí nguy hiểm trong hệ tiêu hóa, gây đầy hơi, đau bụng, nôn mửa và các biến chứng đe dọa tính mạng như thủng dạ dày hoặc ruột, hoặc thậm chí ngạt do thiếu oxy, theo Times Of India.', 'dakho.jpg', '2023-12-20', 937, ''),
(10000031, 10000031, 'Bổ sung vạch nét đứt để vượt xe trên cao tốc Cam Lộ - La Sơn', 'Sau chỉ đạo của Thủ tướng và Bộ Giao thông vận tải, Cục Đường bộ Việt Nam đã họp khẩn với đơn vị liên quan để điều chỉnh phương án tổ chức giao thông trên cao tốc Cam Lộ - La Sơn.\r\n\r\nTừ thực tế mặt đường chỉ có 2 làn khiến các tài xế khó khăn trong việc vượt xe, lãnh đạo Cục Đường bộ yêu cầu rà soát vị trí đường thẳng, tầm nhìn thuận lợi để điều chỉnh vạch sơn tim đường dạng nét liền sang nét đứt. Như vậy, phương tiện có thể tránh, vượt tại các điểm này khi điều kiện cho phép. \r\n\r\nBên cạnh đó, Cục Đường bộ cũng yêu cầu rà soát các nút giao để điều chỉnh, bổ sung báo, vạch sơn kẻ đường và hạng mục an toàn giao thông.\r\n\r\nĐặc biệt tại các đoạn chuyển tiếp từ 2 làn sang 4 làn và ngược lại, Cục yêu cầu bổ sung tiêu dẫn hướng, đinh phản quang, báo hiệu đường bộ, rà soát điều chỉnh vị trí, nội dung biển báo hiệu; rà soát vị trí tiềm ẩn nguy hiểm để giảm tốc độ khai thác.\r\n\r\nCục Đường bộ cũng sẽ có văn bản đề nghị Cục CSGT và lực lượng chức năng tăng cường kiểm tra, xử lý vi phạm trên tuyến Cam Lộ - La Sơn và La Sơn - Hòa Liên.\r\n\r\nVề lâu dài, cao tốc Cam Lộ - La Sơn sẽ được mở rộng quy mô lên 4 làn xe và không còn cảnh thiếu dải phân cách giữa như hiện nay.', 'lason.jpg', '2024-01-24', 2312, '');

-- --------------------------------------------------------

--
-- Cấu trúc bảng cho bảng `status`
--

CREATE TABLE `status` (
  `_id` int(11) NOT NULL,
  `Name` varchar(255) NOT NULL
) ENGINE=InnoDB DEFAULT CHARSET=utf8mb4 COLLATE=utf8mb4_unicode_ci;

--
-- Đang đổ dữ liệu cho bảng `status`
--

INSERT INTO `status` (`_id`, `Name`) VALUES
(10000000, 'Đang chờ duyệt'),
(10000001, 'Đã đăng tải'),
(10000002, 'Bị từ chối');

-- --------------------------------------------------------

--
-- Cấu trúc bảng cho bảng `user`
--

CREATE TABLE `user` (
  `_id` int(11) NOT NULL,
  `Email` varchar(255) NOT NULL,
  `Password` varchar(255) NOT NULL,
  `Fullname` varchar(255) NOT NULL,
  `Image` varchar(255) NOT NULL,
  `PhoneNumber` varchar(50) NOT NULL
) ENGINE=InnoDB DEFAULT CHARSET=utf8mb4 COLLATE=utf8mb4_unicode_ci;

--
-- Đang đổ dữ liệu cho bảng `user`
--

INSERT INTO `user` (`_id`, `Email`, `Password`, `Fullname`, `Image`, `PhoneNumber`) VALUES
(10000000, 'nguyenvanan@gmail.com', '$2y$10$nv5vDAwxE2ZbxiPSviZhaO.FGxscOV4xAs2Ch50vM0beRlV77pF1K', 'Nguyễn Văn An', 'vanan.jpg', '0943287523'),
(10000001, 'huynhbinh@gmail.com', '$2y$10$F8fJW6w63On8ZohpBHPVR.DfWzi99LJhAMdHIZaX9daISKUYCCZt2', 'Huỳnh Thị Bình', 'thibinh.jpg', '0953682647'),
(10000002, 'tat1234321@gmail.com', '$2y$10$nv5vDAwxE2ZbxiPSviZhaO.FGxscOV4xAs2Ch50vM0beRlV77pF1K', 'Trần Anh Trường', 'anhtruong.jpg', '0935453534');

--
-- Chỉ mục cho các bảng đã đổ
--

--
-- Chỉ mục cho bảng `admin`
--
ALTER TABLE `admin`
  ADD PRIMARY KEY (`_id`);

--
-- Chỉ mục cho bảng `category`
--
ALTER TABLE `category`
  ADD PRIMARY KEY (`_id`);

--
-- Chỉ mục cho bảng `comment`
--
ALTER TABLE `comment`
  ADD PRIMARY KEY (`_id`);

--
-- Chỉ mục cho bảng `journalist`
--
ALTER TABLE `journalist`
  ADD PRIMARY KEY (`_id`);

--
-- Chỉ mục cho bảng `news`
--
ALTER TABLE `news`
  ADD PRIMARY KEY (`_id`);

--
-- Chỉ mục cho bảng `newsdetails`
--
ALTER TABLE `newsdetails`
  ADD PRIMARY KEY (`_id`);

--
-- Chỉ mục cho bảng `status`
--
ALTER TABLE `status`
  ADD PRIMARY KEY (`_id`);

--
-- Chỉ mục cho bảng `user`
--
ALTER TABLE `user`
  ADD PRIMARY KEY (`_id`);

--
-- AUTO_INCREMENT cho các bảng đã đổ
--

--
-- AUTO_INCREMENT cho bảng `admin`
--
ALTER TABLE `admin`
  MODIFY `_id` int(11) NOT NULL AUTO_INCREMENT, AUTO_INCREMENT=10000003;

--
-- AUTO_INCREMENT cho bảng `category`
--
ALTER TABLE `category`
  MODIFY `_id` int(11) NOT NULL AUTO_INCREMENT, AUTO_INCREMENT=10000008;

--
-- AUTO_INCREMENT cho bảng `comment`
--
ALTER TABLE `comment`
  MODIFY `_id` int(11) NOT NULL AUTO_INCREMENT, AUTO_INCREMENT=10000020;

--
-- AUTO_INCREMENT cho bảng `journalist`
--
ALTER TABLE `journalist`
  MODIFY `_id` int(11) NOT NULL AUTO_INCREMENT, AUTO_INCREMENT=10000005;

--
-- AUTO_INCREMENT cho bảng `news`
--
ALTER TABLE `news`
  MODIFY `_id` int(11) NOT NULL AUTO_INCREMENT, AUTO_INCREMENT=10000032;

--
-- AUTO_INCREMENT cho bảng `newsdetails`
--
ALTER TABLE `newsdetails`
  MODIFY `_id` int(11) NOT NULL AUTO_INCREMENT, AUTO_INCREMENT=10000032;

--
-- AUTO_INCREMENT cho bảng `status`
--
ALTER TABLE `status`
  MODIFY `_id` int(11) NOT NULL AUTO_INCREMENT, AUTO_INCREMENT=10000003;

--
-- AUTO_INCREMENT cho bảng `user`
--
ALTER TABLE `user`
  MODIFY `_id` int(11) NOT NULL AUTO_INCREMENT, AUTO_INCREMENT=10000017;
COMMIT;

/*!40101 SET CHARACTER_SET_CLIENT=@OLD_CHARACTER_SET_CLIENT */;
/*!40101 SET CHARACTER_SET_RESULTS=@OLD_CHARACTER_SET_RESULTS */;
/*!40101 SET COLLATION_CONNECTION=@OLD_COLLATION_CONNECTION */;
